Source,Year,Study Type,Focus,Context,UTIO Domains,Key Determinants,Relevant Finding,Use in Paper
Adler-Milstein et al. / HIE Policy Landscape,2023,Policy review / grey literature synthesis,Health information exchange and interoperability policy,U.S. and international policy environments,"Institutional, Technical, Organizational","Policy, governance, interoperability rules, exchange infrastructure","HIE depends on policy alignment, exchange governance, and technical interoperability",Use as institutional and policy anchor
Holmes et al. / HIE Barriers and Facilitators,2016,Systematic review,HIE adoption and use,Health information exchange organizations and providers,"User, Technical, Organizational, Institutional","Workflow, technical integration, cost, policy, trust","Barriers and facilitators are multidimensional and span technical, workflow, financial, and policy layers",Include as key systematic review evidence
Kruse et al. / EHR Adoption Factors,2016,Systematic review,EHR adoption,Healthcare organizations and providers,"User, Technical, Organizational","Usability, cost, training, workflow fit, leadership","EHR adoption depends on perceived usefulness, usability, training, and organizational readiness",Foundational adoption determinant evidence
Fennelly et al. / National EHR Implementation,2020,Rapid umbrella review,National EHR implementation,National-scale EHR programs,"User, Technical, Organizational, Institutional","Leadership, governance, stakeholder engagement, training, technical readiness","Successful national EHR implementation requires coordinated leadership, engagement, and implementation governance",Use as umbrella-review anchor
Aguirre et al. / EHR Effects and Barriers,2020,Scoping review,EHR implementation barriers and effects,EHR implementations,"User, Technical, Organizational","Workflow disruption, usability, technical issues, unintended consequences",Benefits are moderated by implementation barriers and contextual fit,Use for limitations and implementation risk
Bitar et al. / Heterogeneous HIS Interoperability,2023,Systematic review,Interoperability requirements for heterogeneous health information systems,Heterogeneous HIS environments,"Technical, Institutional","Semantic, syntactic, technical, organizational interoperability",Interoperability requires layered standards and integration mechanisms,Technical interoperability anchor
Adams / Strategies Used in eHealth Systems Adoption,2020,Qualitative case study dissertation,Interoperable eHealth adoption strategies,Senior healthcare IT leaders,"User, Technical, Institutional, Organizational","eHealth ecosystem, implementation approach, quality, strategy, use, satisfaction",Six adoption themes support a multidimensional adoption model,Primary empirical anchor
ONC Reports to Congress,2025,Official government report series,U.S. health IT adoption and exchange,U.S. health IT ecosystem,"Institutional, Technical","Cures Act, interoperability, public health modernization, information exchange","ONC tracks national progress in electronic health information access, exchange, and use",Official U.S. case source
NHS Shared Care Records,2025,Official guidance,Shared care records and interoperability,England health and social care,"Institutional, Technical, Organizational","Information governance, shared records, cross-organization access",Shared care records connect records across health and care organizations for safer joined-up care,Official NHS case source
Estonia e-Health Records,2026,Official national digital health case description,National eHealth records,Estonia national health information system,"Technical, Institutional, User","Nationwide HIS, secure data access, patient-centric records",Estonia has operated a national health information system since 2008 connecting providers nationwide,Official Estonia case source
European Commission / Estonia EHR Laws,2016,Legal and policy overview,National EHR legal framework,Estonia,"Institutional, Technical","Mandatory provider upload, national scope, centralized health record database",Legal mandate and national governance support comprehensive EHR coverage,Use for institutional case support
GAO / VA EHR Modernization,2025,Government audit/report,VA EHR modernization,U.S. VA enterprise EHR,"User, Technical, Organizational, Institutional","Configuration changes, user dissatisfaction, cost/schedule risk, implementation governance","VA modernization demonstrates adoption risk when technical, user, and organizational dimensions are misaligned",Official VA/DoD case source
GAO / DoD Federal EHR Deployment,2024,Government audit/report,DoD/VA federal EHR implementation,Federal Health Care Center / DoD-VA systems,"User, Technical, Organizational","User satisfaction, issue management, deployment progress",Federal EHR implementation highlights the need to manage user satisfaction and implementation issues,Official DoD/VA source
NIST SP 800-37 Rev. 2,2018,Security/risk management framework,Security and privacy risk management,Information systems and organizations,"Institutional, Organizational","Categorization, controls, authorization, continuous monitoring",RMF provides structured security and privacy risk governance,Compliance/governance anchor
NIST SP 800-53 Rev. 5,2020/2023,Security and privacy controls catalog,Security and privacy controls,Information systems and organizations,"Institutional, Technical, Organizational","Access control, audit, risk assessment, system integrity, privacy controls",Control baselines support governance and privacy engineering,Compliance/governance anchor
HHS / HIPAA De-identification Guidance,2024,Official regulatory guidance,PHI de-identification,U.S. healthcare data governance,Institutional,"Safe Harbor, expert determination, PHI governance",Public/de-identified secondary research avoids human-subject and PHI handling risks when properly bounded,Ethics/IRB language support
