Record_ID,Title,Year,Exclusion_Reason,Assessed_On
R0011,"Beyond ""implementation"": digital health innovation and service design.",2018,X3 wrong outcome (EHR as data source only),fulltext
R0035,Implementation and Analysis of an Institution-Wide EHR-Integrated Handoff Note.,2022,X3 wrong outcome (EHR as data source only),abstract
R0106,Enhancing nursing home quality through electronic health record implementation.,2025,X3 wrong outcome (EHR as data source only),abstract
R0131,Health Information Technology Adoption in the Emergency Department.,2016,X3 wrong outcome (EHR as data source only),abstract
R0155,The impact of e-health system implementation on UNWRA health services: an observational study.,2021,X3 wrong outcome (EHR as data source only),abstract
R0204,"Predicting Electronic Health Record Usability: Scoping Review of Adoption Models, Metrics, and Future Directions.",2026,X3 wrong outcome (EHR as data source only),fulltext
R0207,Acceptance of electronic referrals across the Kingdom of Saudi Arabia: results from a national e-health database.,2024,X3,fulltext
R0365,"The Relationship Between Magnet Designation, Electronic Health Record Adoption, and Medicare Meaningful Use Payments.",2017,X3 wrong outcome (EHR as data source only),fulltext
R0367,CLUSTERING AND PRIORITIZING PATIENT SAFETY ISSUES DURING EHR IMPLEMENTATION AND UPGRADES IN HOSPITAL SETTINGS.,2017,X3 wrong outcome (EHR as data source only),abstract
R0373,"Development, implementation, and initial evaluation of a foundational open interoperability standard for oncology treatment planning and summarization.",2015,X3 wrong outcome (EHR as data source only),abstract
R0409,Comparing the Trends of Electronic Health Record Adoption Among Hospitals of the United States and Japan.,2019,X3 wrong outcome (EHR as data source only),abstract
R0423,Responding to change: Could co-design overcome the complexities of electronic health record implementation?,2023,X3,abstract
R0424,"A Longitudinal Analysis of Institutional Adoption, Use, and Dissemination of an EHR Vendor-Based Data Sharing Program.",2025,X3,abstract
R0427,Call for implementation research: cross-continental partnership experiences from the Trans-African Digital e-Health Network (i-STARC Project).,2023,X1 patient/consumer-only,abstract
R0441,"Correspondence to ""Conceptualizing Patient as an Organization with the Adoption of Digital Health"".",2024,X5 wrong publication type,fulltext
R0484,Personnel key to successful EHR implementation.,2015,X5,abstract
R0491,The heroes among us: Leveraging Africa's youth for effective digital health implementation in communities.,2025,X5 wrong publication type,fulltext
R0492,"Digital Health Technology Adoption Depends On Tech Comfort Level, Willingness to Pay.",2015,X1 patient/consumer-only,abstract
R0493,Critical Success Factors for a Successful EHR Implementation for Physicians Practices.,2015,X3,abstract
R0495,Effects of HIE/HIT Implementation and Coordination of Care on Health Outcomes and Quality.,2015,X3,abstract
R0498,HOW FAR TO TRUE INTEROPERABILITY? Efforts ramp up to overcome barriers preventing the exchange of digital health information.,2015,X3,abstract
R0512,Long-term care needs guidance for the implementation of digital health technologies.,2023,X1 patient/consumer-only,abstract
R0552,Improved Patient Flow and Provider Efficiency After the Implementation of an Electronic Health Record.,2019,X3 wrong outcome (EHR as data source only),abstract
R0594,"Adoption of Certified Electronic Health Record Systems and Electronic Information Sharing in Physician Offices: United States, 2013 and 2014.",2016,X3,abstract
R0602,Barriers to Adoption of Electronic Health Record Systems from the Perspective of Nurses: A Cross-sectional Study.,2022,X1 patient/consumer-only,abstract
R0629,Electronic health record adoption among adult day services: Findings from the national study of long-term care providers.,2023,X3,abstract
R0635,Adolescents Are Still Waiting on a Digital Health Revolution: Accelerating Research-to-Practice Translation Through Design for Implementation.,2022,X3 wrong outcome (EHR as data source only),fulltext
R0722,Changes in Medication Errors after Implementation of an Electronic Health Record System in a Canadian Community Hospital.,2026,X3 wrong outcome (EHR as data source only),abstract
R0764,Successful Implementation of a Perioperative Data Warehouse Using Another Hospital's Published Specification From Epic's Electronic Health Record System.,2021,X3 wrong outcome (EHR as data source only),abstract
R0819,Rapid-Cycle Implementation of a Multi-Organization Registry for Heart Failure with Preserved Ejection Fraction Using Health Information Exchange Standards.,2019,X3,abstract
R0822,Creation and implementation of an electronic health record note for quality improvement in pediatric epilepsy: Practical considerations and lessons learned.,2021,X3 wrong outcome (EHR as data source only),fulltext
R0832,Implementation of Clinical Pharmacogenomics within a Large Health System: From Electronic Health Record Decision Support to Consultation Services.,2016,X3 wrong outcome (EHR as data source only),abstract
R0842,"Implementation of Certified EHR, Patient Portal, and ""Direct"" Messaging Technology in a Radiology Environment Enhances Communication of Radiology Results to Both Referring Physicians and Patients.",2016,X3 wrong outcome (EHR as data source only),abstract
R0855,Implementation challenges of the final rule of Title 42 of the Code of Federal Regulations part 2: can privacy endure in an era of electronic health information exchange?,2018,X3,abstract
R0948,Using digital health to facilitate compliance with standardized pediatric cancer treatment guidelines in Tanzania: protocol for an early-stage effectiveness-implementation hybrid study.,2020,X3,fulltext
R0967,Chapter 5: Barriers and facilitators for eHealth.,2015,X3,abstract
R1035,Barriers and Benefits of EHR Usage in Missouri: A Five-Year Journey.,2017,X3,abstract
R1300,Barriers to Local Public Health Chronic Disease Surveillance Through Health Information Exchange: A Capacity Assessment of Health Departments in the Health Information Network of South Texas.,2017,X3,abstract
R1309,Checklists for Successful Specialty Electronic Medical Record Implementation.,2020,X3,abstract
R1347,Barriers and facilitators to effective electronic health record-based sepsis screening in the pediatric intensive care unit.,2024,X3,fulltext
R1413,Implementation and Impact of Psychiatric Electronic Medical Records in a Public Medical Center.,2016,X3 wrong outcome (EHR as data source only),abstract
R1436,"The Role of a Nurse Practitioner in a ""Big Bang"" Electronic Medical Record Implementation.",2021,X3,abstract
R1439,Implementation of Best Practice Alert in an Electronic Medical Record to Limit Lower-Value Inpatient Echocardiograms.,2018,X3 wrong outcome (EHR as data source only),abstract
R1449,"Navigating medication safety with electronic medical records: insights from a dual-phase implementation in paediatric, neonatal and maternity care.",2025,X3,abstract
R1550,Implementation of a cloud-based electronic medical record exchange system in compliance with the integrating healthcare enterprise's cross-enterprise document sharing integration profile.,2017,X3 wrong outcome (EHR as data source only),abstract
R1557,Implementation of the Observational Medical Outcomes Partnership Model in Electronic Medical Record Systems: Evaluation Study Using Factor Analysis and Decision-Making Trial and Evaluation Laboratory-Best-Worst Methods.,2024,X3,fulltext
R1590,Research and Implementation of Real World Traditional Chinese Medicine Clinical Scientific Research Information Electronic Medical Record Sharing System,2022,X3,abstract
R1678,Developing Fast Healthcare Interoperability Resources Implementation Guide for Indonesian Health Services,2025,X3,abstract
