rec_id,gemini,reason
R0030,PASS,
R0043,PARSE_FAIL,
R0061,PARSE_FAIL,
R0074,EXCLUDE,
R0079,PARSE_FAIL,
R0083,PARSE_FAIL,
R0096,PARSE_FAIL,"api_error: 429 RESOURCE_EXHAUSTED. {'error': {'code': 429, 'message': 'You exceeded your cu"
R0102,PARSE_FAIL,"api_error: 429 RESOURCE_EXHAUSTED. {'error': {'code': 429, 'message': 'You exceeded your cu"
R0103,PARSE_FAIL,"api_error: 429 RESOURCE_EXHAUSTED. {'error': {'code': 429, 'message': 'You exceeded your cu"
R0130,PARSE_FAIL,"api_error: 429 RESOURCE_EXHAUSTED. {'error': {'code': 429, 'message': 'You exceeded your cu"
R0145,PARSE_FAIL,"api_error: 429 RESOURCE_EXHAUSTED. {'error': {'code': 429, 'message': 'You exceeded your cu"
R0148,PARSE_FAIL,"api_error: 429 RESOURCE_EXHAUSTED. {'error': {'code': 429, 'message': 'You exceeded your cu"
R0152,PARSE_FAIL,"api_error: 429 RESOURCE_EXHAUSTED. {'error': {'code': 429, 'message': 'You exceeded your cu"
R0160,PARSE_FAIL,"api_error: 429 RESOURCE_EXHAUSTED. {'error': {'code': 429, 'message': 'You exceeded your cu"
R0173,PARSE_FAIL,"api_error: 429 RESOURCE_EXHAUSTED. {'error': {'code': 429, 'message': 'You exceeded your cu"
R0209,PARSE_FAIL,"api_error: 429 RESOURCE_EXHAUSTED. {'error': {'code': 429, 'message': 'You exceeded your cu"
R0232,PARSE_FAIL,"api_error: 429 RESOURCE_EXHAUSTED. {'error': {'code': 429, 'message': 'You exceeded your cu"
R0249,PARSE_FAIL,"api_error: 429 RESOURCE_EXHAUSTED. {'error': {'code': 429, 'message': 'You exceeded your cu"
R0268,PARSE_FAIL,"api_error: 429 RESOURCE_EXHAUSTED. {'error': {'code': 429, 'message': 'You exceeded your cu"
R0308,PARSE_FAIL,"api_error: 429 RESOURCE_EXHAUSTED. {'error': {'code': 429, 'message': 'You exceeded your cu"
R0309,PARSE_FAIL,"api_error: 429 RESOURCE_EXHAUSTED. {'error': {'code': 429, 'message': 'You exceeded your cu"
R0322,PARSE_FAIL,"api_error: 429 RESOURCE_EXHAUSTED. {'error': {'code': 429, 'message': 'You exceeded your cu"
R0330,PARSE_FAIL,"api_error: 429 RESOURCE_EXHAUSTED. {'error': {'code': 429, 'message': 'You exceeded your cu"
R0338,PARSE_FAIL,"api_error: 429 RESOURCE_EXHAUSTED. {'error': {'code': 429, 'message': 'You exceeded your cu"
R0347,PARSE_FAIL,"api_error: 429 RESOURCE_EXHAUSTED. {'error': {'code': 429, 'message': 'You exceeded your cu"
R0357,PARSE_FAIL,"api_error: 429 RESOURCE_EXHAUSTED. {'error': {'code': 429, 'message': 'You exceeded your cu"
R0361,PARSE_FAIL,"api_error: 429 RESOURCE_EXHAUSTED. {'error': {'code': 429, 'message': 'You exceeded your cu"
R0363,PARSE_FAIL,"api_error: 429 RESOURCE_EXHAUSTED. {'error': {'code': 429, 'message': 'You exceeded your cu"
R0370,PARSE_FAIL,"api_error: 429 RESOURCE_EXHAUSTED. {'error': {'code': 429, 'message': 'You exceeded your cu"
R0392,PARSE_FAIL,"api_error: 429 RESOURCE_EXHAUSTED. {'error': {'code': 429, 'message': 'You exceeded your cu"
R0411,PARSE_FAIL,"api_error: 429 RESOURCE_EXHAUSTED. {'error': {'code': 429, 'message': 'You exceeded your cu"
R0412,PARSE_FAIL,"api_error: 429 RESOURCE_EXHAUSTED. {'error': {'code': 429, 'message': 'You exceeded your cu"
R0413,PARSE_FAIL,"api_error: 429 RESOURCE_EXHAUSTED. {'error': {'code': 429, 'message': 'You exceeded your cu"
R0449,PARSE_FAIL,"api_error: 429 RESOURCE_EXHAUSTED. {'error': {'code': 429, 'message': 'You exceeded your cu"
R0507,EXCLUDE,
R0544,PARSE_FAIL,
R0559,PARSE_FAIL,"api_error: 429 RESOURCE_EXHAUSTED. {'error': {'code': 429, 'message': 'You exceeded your cu"
R0591,PARSE_FAIL,"api_error: 429 RESOURCE_EXHAUSTED. {'error': {'code': 429, 'message': 'You exceeded your cu"
R0623,PARSE_FAIL,
R0627,PARSE_FAIL,"api_error: 429 RESOURCE_EXHAUSTED. {'error': {'code': 429, 'message': 'You exceeded your cu"
R0633,PARSE_FAIL,"api_error: 429 RESOURCE_EXHAUSTED. {'error': {'code': 429, 'message': 'You exceeded your cu"
R0682,PARSE_FAIL,"api_error: 429 RESOURCE_EXHAUSTED. {'error': {'code': 429, 'message': 'You exceeded your cu"
R0724,PARSE_FAIL,"api_error: 429 RESOURCE_EXHAUSTED. {'error': {'code': 429, 'message': 'You exceeded your cu"
R0739,PARSE_FAIL,"api_error: 429 RESOURCE_EXHAUSTED. {'error': {'code': 429, 'message': 'You exceeded your cu"
R0742,PARSE_FAIL,"api_error: 429 RESOURCE_EXHAUSTED. {'error': {'code': 429, 'message': 'You exceeded your cu"
R0756,PARSE_FAIL,"api_error: 429 RESOURCE_EXHAUSTED. {'error': {'code': 429, 'message': 'You exceeded your cu"
R0758,PARSE_FAIL,"api_error: 429 RESOURCE_EXHAUSTED. {'error': {'code': 429, 'message': 'You exceeded your cu"
R0767,PASS,
R0769,PARSE_FAIL,
R0770,PARSE_FAIL,
R0794,PASS,
R0795,EXCLUDE,
R0803,PARSE_FAIL,
R0815,PARSE_FAIL,
R0818,PARSE_FAIL,"api_error: 429 RESOURCE_EXHAUSTED. {'error': {'code': 429, 'message': 'You exceeded your cu"
R0827,PARSE_FAIL,"api_error: 429 RESOURCE_EXHAUSTED. {'error': {'code': 429, 'message': 'You exceeded your cu"
R0831,PARSE_FAIL,"api_error: 429 RESOURCE_EXHAUSTED. {'error': {'code': 429, 'message': 'You exceeded your cu"
R0850,PARSE_FAIL,"api_error: 429 RESOURCE_EXHAUSTED. {'error': {'code': 429, 'message': 'You exceeded your cu"
R0865,PARSE_FAIL,"api_error: 429 RESOURCE_EXHAUSTED. {'error': {'code': 429, 'message': 'You exceeded your cu"
R0883,PARSE_FAIL,"api_error: 429 RESOURCE_EXHAUSTED. {'error': {'code': 429, 'message': 'You exceeded your cu"
R0914,PARSE_FAIL,"api_error: 429 RESOURCE_EXHAUSTED. {'error': {'code': 429, 'message': 'You exceeded your cu"
R0933,PARSE_FAIL,"api_error: 429 RESOURCE_EXHAUSTED. {'error': {'code': 429, 'message': 'You exceeded your cu"
R1031,PARSE_FAIL,"api_error: 429 RESOURCE_EXHAUSTED. {'error': {'code': 429, 'message': 'You exceeded your cu"
R1033,PARSE_FAIL,"api_error: 429 RESOURCE_EXHAUSTED. {'error': {'code': 429, 'message': 'You exceeded your cu"
R1069,PARSE_FAIL,"api_error: 429 RESOURCE_EXHAUSTED. {'error': {'code': 429, 'message': 'You exceeded your cu"
R1084,PARSE_FAIL,"api_error: 429 RESOURCE_EXHAUSTED. {'error': {'code': 429, 'message': 'You exceeded your cu"
R1133,PARSE_FAIL,"api_error: 429 RESOURCE_EXHAUSTED. {'error': {'code': 429, 'message': 'You exceeded your cu"
R1181,PARSE_FAIL,"api_error: 429 RESOURCE_EXHAUSTED. {'error': {'code': 429, 'message': 'You exceeded your cu"
R1186,PARSE_FAIL,"api_error: 429 RESOURCE_EXHAUSTED. {'error': {'code': 429, 'message': 'You exceeded your cu"
R1199,PARSE_FAIL,"api_error: 429 RESOURCE_EXHAUSTED. {'error': {'code': 429, 'message': 'You exceeded your cu"
R1211,PARSE_FAIL,"api_error: 429 RESOURCE_EXHAUSTED. {'error': {'code': 429, 'message': 'You exceeded your cu"
R1243,PARSE_FAIL,"api_error: 429 RESOURCE_EXHAUSTED. {'error': {'code': 429, 'message': 'You exceeded your cu"
R1271,PARSE_FAIL,"api_error: 429 RESOURCE_EXHAUSTED. {'error': {'code': 429, 'message': 'You exceeded your cu"
R1340,PARSE_FAIL,"api_error: 429 RESOURCE_EXHAUSTED. {'error': {'code': 429, 'message': 'You exceeded your cu"
R1345,PARSE_FAIL,"api_error: 429 RESOURCE_EXHAUSTED. {'error': {'code': 429, 'message': 'You exceeded your cu"
R1346,PARSE_FAIL,"api_error: 429 RESOURCE_EXHAUSTED. {'error': {'code': 429, 'message': 'You exceeded your cu"
R1360,PARSE_FAIL,"api_error: 429 RESOURCE_EXHAUSTED. {'error': {'code': 429, 'message': 'You exceeded your cu"
R1415,PARSE_FAIL,"api_error: 429 RESOURCE_EXHAUSTED. {'error': {'code': 429, 'message': 'You exceeded your cu"
R1428,PARSE_FAIL,"api_error: 429 RESOURCE_EXHAUSTED. {'error': {'code': 429, 'message': 'You exceeded your cu"
R1431,PARSE_FAIL,"api_error: 429 RESOURCE_EXHAUSTED. {'error': {'code': 429, 'message': 'You exceeded your cu"
R1448,PARSE_FAIL,"api_error: 429 RESOURCE_EXHAUSTED. {'error': {'code': 429, 'message': 'You exceeded your cu"
R1450,PARSE_FAIL,"api_error: 429 RESOURCE_EXHAUSTED. {'error': {'code': 429, 'message': 'You exceeded your cu"
R1453,PARSE_FAIL,"api_error: 429 RESOURCE_EXHAUSTED. {'error': {'code': 429, 'message': 'You exceeded your cu"
R1477,PARSE_FAIL,"api_error: 429 RESOURCE_EXHAUSTED. {'error': {'code': 429, 'message': 'You exceeded your cu"
R1487,PARSE_FAIL,"api_error: 429 RESOURCE_EXHAUSTED. {'error': {'code': 429, 'message': 'You exceeded your cu"
R1497,PARSE_FAIL,"api_error: 429 RESOURCE_EXHAUSTED. {'error': {'code': 429, 'message': 'You exceeded your cu"
R1547,PARSE_FAIL,"api_error: 429 RESOURCE_EXHAUSTED. {'error': {'code': 429, 'message': 'You exceeded your cu"
R1549,PARSE_FAIL,"api_error: 429 RESOURCE_EXHAUSTED. {'error': {'code': 429, 'message': 'You exceeded your cu"
R1558,PARSE_FAIL,"api_error: 429 RESOURCE_EXHAUSTED. {'error': {'code': 429, 'message': 'You exceeded your cu"
R1560,PARSE_FAIL,"api_error: 429 RESOURCE_EXHAUSTED. {'error': {'code': 429, 'message': 'You exceeded your cu"
R1569,PARSE_FAIL,"api_error: 429 RESOURCE_EXHAUSTED. {'error': {'code': 429, 'message': 'You exceeded your cu"
R0003,PARSE_FAIL,"api_error: 429 RESOURCE_EXHAUSTED. {'error': {'code': 429, 'message': 'You exceeded your cu"
R0013,PARSE_FAIL,"api_error: 429 RESOURCE_EXHAUSTED. {'error': {'code': 429, 'message': 'You exceeded your cu"
R0022,PARSE_FAIL,"api_error: 429 RESOURCE_EXHAUSTED. {'error': {'code': 429, 'message': 'You exceeded your cu"
R0039,PARSE_FAIL,"api_error: 429 RESOURCE_EXHAUSTED. {'error': {'code': 429, 'message': 'You exceeded your cu"
R0091,PARSE_FAIL,"api_error: 429 RESOURCE_EXHAUSTED. {'error': {'code': 429, 'message': 'You exceeded your cu"
R0107,PARSE_FAIL,"api_error: 429 RESOURCE_EXHAUSTED. {'error': {'code': 429, 'message': 'You exceeded your cu"
R0115,PASS,
R0132,PASS,
R0153,PARSE_FAIL,
R0196,PARSE_FAIL,
R0200,PARSE_FAIL,"api_error: 429 RESOURCE_EXHAUSTED. {'error': {'code': 429, 'message': 'You exceeded your cu"
R0220,PARSE_FAIL,
R0225,PASS,
R0235,PARSE_FAIL,"api_error: 429 RESOURCE_EXHAUSTED. {'error': {'code': 429, 'message': 'You exceeded your cu"
R0240,PARSE_FAIL,"api_error: 429 RESOURCE_EXHAUSTED. {'error': {'code': 429, 'message': 'You exceeded your cu"
R0241,PARSE_FAIL,"api_error: 429 RESOURCE_EXHAUSTED. {'error': {'code': 429, 'message': 'You exceeded your cu"
R0245,PARSE_FAIL,"api_error: 429 RESOURCE_EXHAUSTED. {'error': {'code': 429, 'message': 'You exceeded your cu"
R0252,PARSE_FAIL,"api_error: 429 RESOURCE_EXHAUSTED. {'error': {'code': 429, 'message': 'You exceeded your cu"
R0253,PARSE_FAIL,"api_error: 429 RESOURCE_EXHAUSTED. {'error': {'code': 429, 'message': 'You exceeded your cu"
R0254,PARSE_FAIL,"api_error: 429 RESOURCE_EXHAUSTED. {'error': {'code': 429, 'message': 'You exceeded your cu"
R0259,PARSE_FAIL,"api_error: 429 RESOURCE_EXHAUSTED. {'error': {'code': 429, 'message': 'You exceeded your cu"
R0279,PARSE_FAIL,"api_error: 429 RESOURCE_EXHAUSTED. {'error': {'code': 429, 'message': 'You exceeded your cu"
R0299,PARSE_FAIL,"api_error: 429 RESOURCE_EXHAUSTED. {'error': {'code': 429, 'message': 'You exceeded your cu"
R0300,PARSE_FAIL,"api_error: 429 RESOURCE_EXHAUSTED. {'error': {'code': 429, 'message': 'You exceeded your cu"
R0310,PARSE_FAIL,"api_error: 429 RESOURCE_EXHAUSTED. {'error': {'code': 429, 'message': 'You exceeded your cu"
R0352,PARSE_FAIL,"api_error: 429 RESOURCE_EXHAUSTED. {'error': {'code': 429, 'message': 'You exceeded your cu"
R0353,PARSE_FAIL,"api_error: 429 RESOURCE_EXHAUSTED. {'error': {'code': 429, 'message': 'You exceeded your cu"
R0368,PARSE_FAIL,"api_error: 429 RESOURCE_EXHAUSTED. {'error': {'code': 429, 'message': 'You exceeded your cu"
R0387,PARSE_FAIL,"api_error: 429 RESOURCE_EXHAUSTED. {'error': {'code': 429, 'message': 'You exceeded your cu"
R0388,PARSE_FAIL,"api_error: 429 RESOURCE_EXHAUSTED. {'error': {'code': 429, 'message': 'You exceeded your cu"
R0395,PARSE_FAIL,"api_error: 429 RESOURCE_EXHAUSTED. {'error': {'code': 429, 'message': 'You exceeded your cu"
R0414,PARSE_FAIL,"api_error: 429 RESOURCE_EXHAUSTED. {'error': {'code': 429, 'message': 'You exceeded your cu"
R0417,PARSE_FAIL,"api_error: 429 RESOURCE_EXHAUSTED. {'error': {'code': 429, 'message': 'You exceeded your cu"
R0425,PARSE_FAIL,"api_error: 429 RESOURCE_EXHAUSTED. {'error': {'code': 429, 'message': 'You exceeded your cu"
R0430,PARSE_FAIL,"api_error: 429 RESOURCE_EXHAUSTED. {'error': {'code': 429, 'message': 'You exceeded your cu"
R0431,PARSE_FAIL,"api_error: 429 RESOURCE_EXHAUSTED. {'error': {'code': 429, 'message': 'You exceeded your cu"
R0435,PARSE_FAIL,"api_error: 429 RESOURCE_EXHAUSTED. {'error': {'code': 429, 'message': 'You exceeded your cu"
R0438,PARSE_FAIL,"api_error: 429 RESOURCE_EXHAUSTED. {'error': {'code': 429, 'message': 'You exceeded your cu"
R0471,PARSE_FAIL,"api_error: 429 RESOURCE_EXHAUSTED. {'error': {'code': 429, 'message': 'You exceeded your cu"
R0479,PARSE_FAIL,"api_error: 429 RESOURCE_EXHAUSTED. {'error': {'code': 429, 'message': 'You exceeded your cu"
R0483,PARSE_FAIL,"api_error: 429 RESOURCE_EXHAUSTED. {'error': {'code': 429, 'message': 'You exceeded your cu"
R0533,PARSE_FAIL,"api_error: 429 RESOURCE_EXHAUSTED. {'error': {'code': 429, 'message': 'You exceeded your cu"
R0540,PARSE_FAIL,"api_error: 429 RESOURCE_EXHAUSTED. {'error': {'code': 429, 'message': 'You exceeded your cu"
R0558,PARSE_FAIL,"api_error: 429 RESOURCE_EXHAUSTED. {'error': {'code': 429, 'message': 'You exceeded your cu"
R0576,PARSE_FAIL,"api_error: 429 RESOURCE_EXHAUSTED. {'error': {'code': 429, 'message': 'You exceeded your cu"
R0583,PARSE_FAIL,"api_error: 429 RESOURCE_EXHAUSTED. {'error': {'code': 429, 'message': 'You exceeded your cu"
R0586,PARSE_FAIL,"api_error: 429 RESOURCE_EXHAUSTED. {'error': {'code': 429, 'message': 'You exceeded your cu"
R0592,PARSE_FAIL,"api_error: 429 RESOURCE_EXHAUSTED. {'error': {'code': 429, 'message': 'You exceeded your cu"
R0593,PARSE_FAIL,"api_error: 429 RESOURCE_EXHAUSTED. {'error': {'code': 429, 'message': 'You exceeded your cu"
R0608,PARSE_FAIL,"api_error: 429 RESOURCE_EXHAUSTED. {'error': {'code': 429, 'message': 'You exceeded your cu"
R0617,PARSE_FAIL,"api_error: 429 RESOURCE_EXHAUSTED. {'error': {'code': 429, 'message': 'You exceeded your cu"
R0741,PARSE_FAIL,"api_error: 429 RESOURCE_EXHAUSTED. {'error': {'code': 429, 'message': 'You exceeded your cu"
R0823,PARSE_FAIL,"api_error: 429 RESOURCE_EXHAUSTED. {'error': {'code': 429, 'message': 'You exceeded your cu"
R0895,PARSE_FAIL,"api_error: 429 RESOURCE_EXHAUSTED. {'error': {'code': 429, 'message': 'You exceeded your cu"
R0934,PARSE_FAIL,"api_error: 429 RESOURCE_EXHAUSTED. {'error': {'code': 429, 'message': 'You exceeded your cu"
R0937,PARSE_FAIL,"api_error: 429 RESOURCE_EXHAUSTED. {'error': {'code': 429, 'message': 'You exceeded your cu"
R0942,PARSE_FAIL,
R0965,PARSE_FAIL,"api_error: 429 RESOURCE_EXHAUSTED. {'error': {'code': 429, 'message': 'You exceeded your cu"
R0988,PARSE_FAIL,"api_error: 429 RESOURCE_EXHAUSTED. {'error': {'code': 429, 'message': 'You exceeded your cu"
R0997,PARSE_FAIL,"api_error: 429 RESOURCE_EXHAUSTED. {'error': {'code': 429, 'message': 'You exceeded your cu"
R1059,PARSE_FAIL,"api_error: 429 RESOURCE_EXHAUSTED. {'error': {'code': 429, 'message': 'You exceeded your cu"
R1079,PARSE_FAIL,"api_error: 429 RESOURCE_EXHAUSTED. {'error': {'code': 429, 'message': 'You exceeded your cu"
R1081,PARSE_FAIL,"api_error: 429 RESOURCE_EXHAUSTED. {'error': {'code': 429, 'message': 'You exceeded your cu"
R1158,PARSE_FAIL,"api_error: 429 RESOURCE_EXHAUSTED. {'error': {'code': 429, 'message': 'You exceeded your cu"
R1165,PARSE_FAIL,"api_error: 429 RESOURCE_EXHAUSTED. {'error': {'code': 429, 'message': 'You exceeded your cu"
R1204,PARSE_FAIL,"api_error: 429 RESOURCE_EXHAUSTED. {'error': {'code': 429, 'message': 'You exceeded your cu"
R1223,PARSE_FAIL,"api_error: 429 RESOURCE_EXHAUSTED. {'error': {'code': 429, 'message': 'You exceeded your cu"
R1307,PARSE_FAIL,"api_error: 429 RESOURCE_EXHAUSTED. {'error': {'code': 429, 'message': 'You exceeded your cu"
R1335,PARSE_FAIL,"api_error: 429 RESOURCE_EXHAUSTED. {'error': {'code': 429, 'message': 'You exceeded your cu"
R1337,PARSE_FAIL,"api_error: 429 RESOURCE_EXHAUSTED. {'error': {'code': 429, 'message': 'You exceeded your cu"
R1398,PARSE_FAIL,"api_error: 429 RESOURCE_EXHAUSTED. {'error': {'code': 429, 'message': 'You exceeded your cu"
R1419,PARSE_FAIL,"api_error: 429 RESOURCE_EXHAUSTED. {'error': {'code': 429, 'message': 'You exceeded your cu"
R1437,PARSE_FAIL,"api_error: 429 RESOURCE_EXHAUSTED. {'error': {'code': 429, 'message': 'You exceeded your cu"
R1441,PARSE_FAIL,"api_error: 429 RESOURCE_EXHAUSTED. {'error': {'code': 429, 'message': 'You exceeded your cu"
R1498,PARSE_FAIL,"api_error: 429 RESOURCE_EXHAUSTED. {'error': {'code': 429, 'message': 'You exceeded your cu"
R1527,PARSE_FAIL,"api_error: 429 RESOURCE_EXHAUSTED. {'error': {'code': 429, 'message': 'You exceeded your cu"
R1530,PARSE_FAIL,"api_error: 429 RESOURCE_EXHAUSTED. {'error': {'code': 429, 'message': 'You exceeded your cu"
R1571,PARSE_FAIL,"api_error: 429 RESOURCE_EXHAUSTED. {'error': {'code': 429, 'message': 'You exceeded your cu"
R1578,PARSE_FAIL,"api_error: 429 RESOURCE_EXHAUSTED. {'error': {'code': 429, 'message': 'You exceeded your cu"
R1587,PARSE_FAIL,"api_error: 429 RESOURCE_EXHAUSTED. {'error': {'code': 429, 'message': 'You exceeded your cu"
R1589,PARSE_FAIL,"api_error: 429 RESOURCE_EXHAUSTED. {'error': {'code': 429, 'message': 'You exceeded your cu"
R1591,PARSE_FAIL,"api_error: 429 RESOURCE_EXHAUSTED. {'error': {'code': 429, 'message': 'You exceeded your cu"
R1594,PARSE_FAIL,"api_error: 429 RESOURCE_EXHAUSTED. {'error': {'code': 429, 'message': 'You exceeded your cu"
R1596,PARSE_FAIL,"api_error: 429 RESOURCE_EXHAUSTED. {'error': {'code': 429, 'message': 'You exceeded your cu"
R1607,PARSE_FAIL,"api_error: 429 RESOURCE_EXHAUSTED. {'error': {'code': 429, 'message': 'You exceeded your cu"
R1623,PARSE_FAIL,"api_error: 429 RESOURCE_EXHAUSTED. {'error': {'code': 429, 'message': 'You exceeded your cu"
R1647,PARSE_FAIL,"api_error: 429 RESOURCE_EXHAUSTED. {'error': {'code': 429, 'message': 'You exceeded your cu"
R1665,PASS,
R0011,PARSE_FAIL,"api_error: 429 RESOURCE_EXHAUSTED. {'error': {'code': 429, 'message': 'You exceeded your cu"
R0035,PARSE_FAIL,"api_error: 429 RESOURCE_EXHAUSTED. {'error': {'code': 429, 'message': 'You exceeded your cu"
R0106,PARSE_FAIL,"api_error: 429 RESOURCE_EXHAUSTED. {'error': {'code': 429, 'message': 'You exceeded your cu"
R0131,PARSE_FAIL,"api_error: 429 RESOURCE_EXHAUSTED. {'error': {'code': 429, 'message': 'You exceeded your cu"
R0155,PARSE_FAIL,"api_error: 429 RESOURCE_EXHAUSTED. {'error': {'code': 429, 'message': 'You exceeded your cu"
R0204,PARSE_FAIL,"api_error: 429 RESOURCE_EXHAUSTED. {'error': {'code': 429, 'message': 'You exceeded your cu"
R0207,PARSE_FAIL,"api_error: 429 RESOURCE_EXHAUSTED. {'error': {'code': 429, 'message': 'You exceeded your cu"
R0365,PARSE_FAIL,"api_error: 429 RESOURCE_EXHAUSTED. {'error': {'code': 429, 'message': 'You exceeded your cu"
R0367,PARSE_FAIL,"api_error: 429 RESOURCE_EXHAUSTED. {'error': {'code': 429, 'message': 'You exceeded your cu"
R0373,PARSE_FAIL,"api_error: 429 RESOURCE_EXHAUSTED. {'error': {'code': 429, 'message': 'You exceeded your cu"
R0409,PARSE_FAIL,"api_error: 429 RESOURCE_EXHAUSTED. {'error': {'code': 429, 'message': 'You exceeded your cu"
R0423,PARSE_FAIL,"api_error: 429 RESOURCE_EXHAUSTED. {'error': {'code': 429, 'message': 'You exceeded your cu"
R0424,PARSE_FAIL,"api_error: 429 RESOURCE_EXHAUSTED. {'error': {'code': 429, 'message': 'You exceeded your cu"
R0427,PARSE_FAIL,"api_error: 429 RESOURCE_EXHAUSTED. {'error': {'code': 429, 'message': 'You exceeded your cu"
R0441,PARSE_FAIL,"api_error: 429 RESOURCE_EXHAUSTED. {'error': {'code': 429, 'message': 'You exceeded your cu"
R0484,PARSE_FAIL,"api_error: 429 RESOURCE_EXHAUSTED. {'error': {'code': 429, 'message': 'You exceeded your cu"
R0491,PARSE_FAIL,"api_error: 429 RESOURCE_EXHAUSTED. {'error': {'code': 429, 'message': 'You exceeded your cu"
R0492,PARSE_FAIL,"api_error: 429 RESOURCE_EXHAUSTED. {'error': {'code': 429, 'message': 'You exceeded your cu"
R0493,PARSE_FAIL,"api_error: 429 RESOURCE_EXHAUSTED. {'error': {'code': 429, 'message': 'You exceeded your cu"
R0495,PARSE_FAIL,"api_error: 429 RESOURCE_EXHAUSTED. {'error': {'code': 429, 'message': 'You exceeded your cu"
R0498,PARSE_FAIL,"api_error: 429 RESOURCE_EXHAUSTED. {'error': {'code': 429, 'message': 'You exceeded your cu"
R0512,PARSE_FAIL,"api_error: 429 RESOURCE_EXHAUSTED. {'error': {'code': 429, 'message': 'You exceeded your cu"
R0552,PARSE_FAIL,"api_error: 429 RESOURCE_EXHAUSTED. {'error': {'code': 429, 'message': 'You exceeded your cu"
R0594,PARSE_FAIL,"api_error: 429 RESOURCE_EXHAUSTED. {'error': {'code': 429, 'message': 'You exceeded your cu"
R0602,PARSE_FAIL,"api_error: 429 RESOURCE_EXHAUSTED. {'error': {'code': 429, 'message': 'You exceeded your cu"
R0629,PARSE_FAIL,"api_error: 429 RESOURCE_EXHAUSTED. {'error': {'code': 429, 'message': 'You exceeded your cu"
R0635,PARSE_FAIL,"api_error: 429 RESOURCE_EXHAUSTED. {'error': {'code': 429, 'message': 'You exceeded your cu"
R0722,PARSE_FAIL,"api_error: 429 RESOURCE_EXHAUSTED. {'error': {'code': 429, 'message': 'You exceeded your cu"
R0764,PARSE_FAIL,"api_error: 429 RESOURCE_EXHAUSTED. {'error': {'code': 429, 'message': 'You exceeded your cu"
R0819,PARSE_FAIL,"api_error: 429 RESOURCE_EXHAUSTED. {'error': {'code': 429, 'message': 'You exceeded your cu"
R0822,PARSE_FAIL,"api_error: 429 RESOURCE_EXHAUSTED. {'error': {'code': 429, 'message': 'You exceeded your cu"
R0832,PARSE_FAIL,"api_error: 429 RESOURCE_EXHAUSTED. {'error': {'code': 429, 'message': 'You exceeded your cu"
R0842,PARSE_FAIL,"api_error: 429 RESOURCE_EXHAUSTED. {'error': {'code': 429, 'message': 'You exceeded your cu"
R0855,PARSE_FAIL,"api_error: 429 RESOURCE_EXHAUSTED. {'error': {'code': 429, 'message': 'You exceeded your cu"
R0948,PARSE_FAIL,"api_error: 429 RESOURCE_EXHAUSTED. {'error': {'code': 429, 'message': 'You exceeded your cu"
R0967,PARSE_FAIL,"api_error: 429 RESOURCE_EXHAUSTED. {'error': {'code': 429, 'message': 'You exceeded your cu"
R1035,PARSE_FAIL,"api_error: 429 RESOURCE_EXHAUSTED. {'error': {'code': 429, 'message': 'You exceeded your cu"
R1300,PARSE_FAIL,"api_error: 429 RESOURCE_EXHAUSTED. {'error': {'code': 429, 'message': 'You exceeded your cu"
R1309,PARSE_FAIL,"api_error: 429 RESOURCE_EXHAUSTED. {'error': {'code': 429, 'message': 'You exceeded your cu"
R1347,PARSE_FAIL,"api_error: 429 RESOURCE_EXHAUSTED. {'error': {'code': 429, 'message': 'You exceeded your cu"
R1413,PARSE_FAIL,"api_error: 429 RESOURCE_EXHAUSTED. {'error': {'code': 429, 'message': 'You exceeded your cu"
R1436,PARSE_FAIL,"api_error: 429 RESOURCE_EXHAUSTED. {'error': {'code': 429, 'message': 'You exceeded your cu"
R1439,PARSE_FAIL,"api_error: 429 RESOURCE_EXHAUSTED. {'error': {'code': 429, 'message': 'You exceeded your cu"
R1449,PARSE_FAIL,"api_error: 429 RESOURCE_EXHAUSTED. {'error': {'code': 429, 'message': 'You exceeded your cu"
R1550,PARSE_FAIL,"api_error: 429 RESOURCE_EXHAUSTED. {'error': {'code': 429, 'message': 'You exceeded your cu"
R1557,PARSE_FAIL,"api_error: 429 RESOURCE_EXHAUSTED. {'error': {'code': 429, 'message': 'You exceeded your cu"
R1590,PARSE_FAIL,"api_error: 429 RESOURCE_EXHAUSTED. {'error': {'code': 429, 'message': 'You exceeded your cu"
R1678,PARSE_FAIL,"api_error: 429 RESOURCE_EXHAUSTED. {'error': {'code': 429, 'message': 'You exceeded your cu"
R0018,PARSE_FAIL,"api_error: 429 RESOURCE_EXHAUSTED. {'error': {'code': 429, 'message': 'You exceeded your cu"
R0056,PARSE_FAIL,"api_error: 429 RESOURCE_EXHAUSTED. {'error': {'code': 429, 'message': 'You exceeded your cu"
R0060,PARSE_FAIL,"api_error: 429 RESOURCE_EXHAUSTED. {'error': {'code': 429, 'message': 'You exceeded your cu"
R0062,PARSE_FAIL,"api_error: 429 RESOURCE_EXHAUSTED. {'error': {'code': 429, 'message': 'You exceeded your cu"
R0065,PARSE_FAIL,"api_error: 429 RESOURCE_EXHAUSTED. {'error': {'code': 429, 'message': 'You exceeded your cu"
R0082,PARSE_FAIL,"api_error: 429 RESOURCE_EXHAUSTED. {'error': {'code': 429, 'message': 'You exceeded your cu"
R0104,PARSE_FAIL,"api_error: 429 RESOURCE_EXHAUSTED. {'error': {'code': 429, 'message': 'You exceeded your cu"
R0161,PARSE_FAIL,"api_error: 429 RESOURCE_EXHAUSTED. {'error': {'code': 429, 'message': 'You exceeded your cu"
R0168,PARSE_FAIL,"api_error: 429 RESOURCE_EXHAUSTED. {'error': {'code': 429, 'message': 'You exceeded your cu"
R0175,PARSE_FAIL,"api_error: 429 RESOURCE_EXHAUSTED. {'error': {'code': 429, 'message': 'You exceeded your cu"
R0215,PARSE_FAIL,"api_error: 429 RESOURCE_EXHAUSTED. {'error': {'code': 429, 'message': 'You exceeded your cu"
R0219,PARSE_FAIL,"api_error: 429 RESOURCE_EXHAUSTED. {'error': {'code': 429, 'message': 'You exceeded your cu"
R0246,PARSE_FAIL,"api_error: 429 RESOURCE_EXHAUSTED. {'error': {'code': 429, 'message': 'You exceeded your cu"
R0263,PARSE_FAIL,"api_error: 429 RESOURCE_EXHAUSTED. {'error': {'code': 429, 'message': 'You exceeded your cu"
R0289,PARSE_FAIL,"api_error: 429 RESOURCE_EXHAUSTED. {'error': {'code': 429, 'message': 'You exceeded your cu"
R0304,PARSE_FAIL,"api_error: 429 RESOURCE_EXHAUSTED. {'error': {'code': 429, 'message': 'You exceeded your cu"
R0316,PARSE_FAIL,"api_error: 429 RESOURCE_EXHAUSTED. {'error': {'code': 429, 'message': 'You exceeded your cu"
R0317,PARSE_FAIL,"api_error: 429 RESOURCE_EXHAUSTED. {'error': {'code': 429, 'message': 'You exceeded your cu"
R0332,PARSE_FAIL,"api_error: 429 RESOURCE_EXHAUSTED. {'error': {'code': 429, 'message': 'You exceeded your cu"
R0349,PARSE_FAIL,"api_error: 429 RESOURCE_EXHAUSTED. {'error': {'code': 429, 'message': 'You exceeded your cu"
R0375,PARSE_FAIL,"api_error: 429 RESOURCE_EXHAUSTED. {'error': {'code': 429, 'message': 'You exceeded your cu"
R0376,PARSE_FAIL,"api_error: 429 RESOURCE_EXHAUSTED. {'error': {'code': 429, 'message': 'You exceeded your cu"
R0384,PARSE_FAIL,"api_error: 429 RESOURCE_EXHAUSTED. {'error': {'code': 429, 'message': 'You exceeded your cu"
R0408,PARSE_FAIL,"api_error: 429 RESOURCE_EXHAUSTED. {'error': {'code': 429, 'message': 'You exceeded your cu"
R0419,PARSE_FAIL,"api_error: 429 RESOURCE_EXHAUSTED. {'error': {'code': 429, 'message': 'You exceeded your cu"
R0443,PARSE_FAIL,"api_error: 429 RESOURCE_EXHAUSTED. {'error': {'code': 429, 'message': 'You exceeded your cu"
R0450,PARSE_FAIL,"api_error: 429 RESOURCE_EXHAUSTED. {'error': {'code': 429, 'message': 'You exceeded your cu"
R0463,PARSE_FAIL,"api_error: 429 RESOURCE_EXHAUSTED. {'error': {'code': 429, 'message': 'You exceeded your cu"
R0488,PARSE_FAIL,"api_error: 429 RESOURCE_EXHAUSTED. {'error': {'code': 429, 'message': 'You exceeded your cu"
R0489,PARSE_FAIL,"api_error: 429 RESOURCE_EXHAUSTED. {'error': {'code': 429, 'message': 'You exceeded your cu"
R0490,PARSE_FAIL,"api_error: 429 RESOURCE_EXHAUSTED. {'error': {'code': 429, 'message': 'You exceeded your cu"
R0499,PARSE_FAIL,"api_error: 429 RESOURCE_EXHAUSTED. {'error': {'code': 429, 'message': 'You exceeded your cu"
R0501,PARSE_FAIL,"api_error: 429 RESOURCE_EXHAUSTED. {'error': {'code': 429, 'message': 'You exceeded your cu"
R0509,PARSE_FAIL,"api_error: 429 RESOURCE_EXHAUSTED. {'error': {'code': 429, 'message': 'You exceeded your cu"
R0513,PARSE_FAIL,"api_error: 429 RESOURCE_EXHAUSTED. {'error': {'code': 429, 'message': 'You exceeded your cu"
R0517,PARSE_FAIL,"api_error: 429 RESOURCE_EXHAUSTED. {'error': {'code': 429, 'message': 'You exceeded your cu"
R0520,PARSE_FAIL,"api_error: 429 RESOURCE_EXHAUSTED. {'error': {'code': 429, 'message': 'You exceeded your cu"
R0521,PARSE_FAIL,"api_error: 429 RESOURCE_EXHAUSTED. {'error': {'code': 429, 'message': 'You exceeded your cu"
R0532,PARSE_FAIL,"api_error: 429 RESOURCE_EXHAUSTED. {'error': {'code': 429, 'message': 'You exceeded your cu"
R0546,PARSE_FAIL,"api_error: 429 RESOURCE_EXHAUSTED. {'error': {'code': 429, 'message': 'You exceeded your cu"
R0556,PARSE_FAIL,"api_error: 429 RESOURCE_EXHAUSTED. {'error': {'code': 429, 'message': 'You exceeded your cu"
R0568,PARSE_FAIL,"api_error: 429 RESOURCE_EXHAUSTED. {'error': {'code': 429, 'message': 'You exceeded your cu"
R0570,PARSE_FAIL,"api_error: 429 RESOURCE_EXHAUSTED. {'error': {'code': 429, 'message': 'You exceeded your cu"
R0611,PARSE_FAIL,"api_error: 429 RESOURCE_EXHAUSTED. {'error': {'code': 429, 'message': 'You exceeded your cu"
R0620,PARSE_FAIL,"api_error: 429 RESOURCE_EXHAUSTED. {'error': {'code': 429, 'message': 'You exceeded your cu"
R0634,PARSE_FAIL,"api_error: 429 RESOURCE_EXHAUSTED. {'error': {'code': 429, 'message': 'You exceeded your cu"
R0638,PARSE_FAIL,"api_error: 429 RESOURCE_EXHAUSTED. {'error': {'code': 429, 'message': 'You exceeded your cu"
R0648,PARSE_FAIL,"api_error: 429 RESOURCE_EXHAUSTED. {'error': {'code': 429, 'message': 'You exceeded your cu"
R0673,PARSE_FAIL,"api_error: 429 RESOURCE_EXHAUSTED. {'error': {'code': 429, 'message': 'You exceeded your cu"
R0687,PARSE_FAIL,"api_error: 429 RESOURCE_EXHAUSTED. {'error': {'code': 429, 'message': 'You exceeded your cu"
R0688,PARSE_FAIL,"api_error: 429 RESOURCE_EXHAUSTED. {'error': {'code': 429, 'message': 'You exceeded your cu"
R0697,PARSE_FAIL,"api_error: 429 RESOURCE_EXHAUSTED. {'error': {'code': 429, 'message': 'You exceeded your cu"
R0713,PARSE_FAIL,"api_error: 429 RESOURCE_EXHAUSTED. {'error': {'code': 429, 'message': 'You exceeded your cu"
R0715,PARSE_FAIL,"api_error: 429 RESOURCE_EXHAUSTED. {'error': {'code': 429, 'message': 'You exceeded your cu"
R0734,PARSE_FAIL,"api_error: 429 RESOURCE_EXHAUSTED. {'error': {'code': 429, 'message': 'You exceeded your cu"
R0736,PARSE_FAIL,"api_error: 429 RESOURCE_EXHAUSTED. {'error': {'code': 429, 'message': 'You exceeded your cu"
R0754,PARSE_FAIL,"api_error: 429 RESOURCE_EXHAUSTED. {'error': {'code': 429, 'message': 'You exceeded your cu"
R0761,PARSE_FAIL,"api_error: 429 RESOURCE_EXHAUSTED. {'error': {'code': 429, 'message': 'You exceeded your cu"
R0776,PARSE_FAIL,"api_error: 429 RESOURCE_EXHAUSTED. {'error': {'code': 429, 'message': 'You exceeded your cu"
R0778,PARSE_FAIL,"api_error: 429 RESOURCE_EXHAUSTED. {'error': {'code': 429, 'message': 'You exceeded your cu"
R0783,PARSE_FAIL,"api_error: 429 RESOURCE_EXHAUSTED. {'error': {'code': 429, 'message': 'You exceeded your cu"
R0810,PARSE_FAIL,"api_error: 429 RESOURCE_EXHAUSTED. {'error': {'code': 429, 'message': 'You exceeded your cu"
R0830,PARSE_FAIL,"api_error: 429 RESOURCE_EXHAUSTED. {'error': {'code': 429, 'message': 'You exceeded your cu"
R0839,PARSE_FAIL,"api_error: 429 RESOURCE_EXHAUSTED. {'error': {'code': 429, 'message': 'You exceeded your cu"
R0858,PARSE_FAIL,"api_error: 429 RESOURCE_EXHAUSTED. {'error': {'code': 429, 'message': 'You exceeded your cu"
R0862,PARSE_FAIL,"api_error: 429 RESOURCE_EXHAUSTED. {'error': {'code': 429, 'message': 'You exceeded your cu"
R0887,PARSE_FAIL,"api_error: 429 RESOURCE_EXHAUSTED. {'error': {'code': 429, 'message': 'You exceeded your cu"
R0890,PARSE_FAIL,"api_error: 429 RESOURCE_EXHAUSTED. {'error': {'code': 429, 'message': 'You exceeded your cu"
R0903,PARSE_FAIL,"api_error: 429 RESOURCE_EXHAUSTED. {'error': {'code': 429, 'message': 'You exceeded your cu"
R0918,PARSE_FAIL,"api_error: 429 RESOURCE_EXHAUSTED. {'error': {'code': 429, 'message': 'You exceeded your cu"
R0920,PARSE_FAIL,"api_error: 429 RESOURCE_EXHAUSTED. {'error': {'code': 429, 'message': 'You exceeded your cu"
R0924,PARSE_FAIL,"api_error: 429 RESOURCE_EXHAUSTED. {'error': {'code': 429, 'message': 'You exceeded your cu"
R0929,PARSE_FAIL,"api_error: 429 RESOURCE_EXHAUSTED. {'error': {'code': 429, 'message': 'You exceeded your cu"
R0944,PARSE_FAIL,"api_error: 429 RESOURCE_EXHAUSTED. {'error': {'code': 429, 'message': 'You exceeded your cu"
R0959,PARSE_FAIL,"api_error: 429 RESOURCE_EXHAUSTED. {'error': {'code': 429, 'message': 'You exceeded your cu"
R0968,PARSE_FAIL,"api_error: 429 RESOURCE_EXHAUSTED. {'error': {'code': 429, 'message': 'You exceeded your cu"
R0989,PARSE_FAIL,"api_error: 429 RESOURCE_EXHAUSTED. {'error': {'code': 429, 'message': 'You exceeded your cu"
R0990,PARSE_FAIL,"api_error: 429 RESOURCE_EXHAUSTED. {'error': {'code': 429, 'message': 'You exceeded your cu"
R0993,PARSE_FAIL,"api_error: 429 RESOURCE_EXHAUSTED. {'error': {'code': 429, 'message': 'You exceeded your cu"
R1006,PARSE_FAIL,"api_error: 429 RESOURCE_EXHAUSTED. {'error': {'code': 429, 'message': 'You exceeded your cu"
R1019,PARSE_FAIL,"api_error: 429 RESOURCE_EXHAUSTED. {'error': {'code': 429, 'message': 'You exceeded your cu"
R1025,PARSE_FAIL,"api_error: 429 RESOURCE_EXHAUSTED. {'error': {'code': 429, 'message': 'You exceeded your cu"
R1045,PARSE_FAIL,"api_error: 429 RESOURCE_EXHAUSTED. {'error': {'code': 429, 'message': 'You exceeded your cu"
R1052,PARSE_FAIL,"api_error: 429 RESOURCE_EXHAUSTED. {'error': {'code': 429, 'message': 'You exceeded your cu"
R1064,PARSE_FAIL,"api_error: 429 RESOURCE_EXHAUSTED. {'error': {'code': 429, 'message': 'You exceeded your cu"
R1089,PARSE_FAIL,"api_error: 429 RESOURCE_EXHAUSTED. {'error': {'code': 429, 'message': 'You exceeded your cu"
R1093,PARSE_FAIL,"api_error: 429 RESOURCE_EXHAUSTED. {'error': {'code': 429, 'message': 'You exceeded your cu"
R1101,PARSE_FAIL,"api_error: 429 RESOURCE_EXHAUSTED. {'error': {'code': 429, 'message': 'You exceeded your cu"
R1105,PARSE_FAIL,"api_error: 429 RESOURCE_EXHAUSTED. {'error': {'code': 429, 'message': 'You exceeded your cu"
R1120,PARSE_FAIL,"api_error: 429 RESOURCE_EXHAUSTED. {'error': {'code': 429, 'message': 'You exceeded your cu"
R1123,PARSE_FAIL,"api_error: 429 RESOURCE_EXHAUSTED. {'error': {'code': 429, 'message': 'You exceeded your cu"
R1138,PARSE_FAIL,"api_error: 429 RESOURCE_EXHAUSTED. {'error': {'code': 429, 'message': 'You exceeded your cu"
R1149,PARSE_FAIL,"api_error: 429 RESOURCE_EXHAUSTED. {'error': {'code': 429, 'message': 'You exceeded your cu"
R1187,PARSE_FAIL,"api_error: 429 RESOURCE_EXHAUSTED. {'error': {'code': 429, 'message': 'You exceeded your cu"
R1195,PARSE_FAIL,"api_error: 429 RESOURCE_EXHAUSTED. {'error': {'code': 429, 'message': 'You exceeded your cu"
R1267,PARSE_FAIL,"api_error: 429 RESOURCE_EXHAUSTED. {'error': {'code': 429, 'message': 'You exceeded your cu"
R1280,PARSE_FAIL,"api_error: 429 RESOURCE_EXHAUSTED. {'error': {'code': 429, 'message': 'You exceeded your cu"
R1292,PARSE_FAIL,"api_error: 429 RESOURCE_EXHAUSTED. {'error': {'code': 429, 'message': 'You exceeded your cu"
R1344,PARSE_FAIL,"api_error: 429 RESOURCE_EXHAUSTED. {'error': {'code': 429, 'message': 'You exceeded your cu"
R1351,PARSE_FAIL,"api_error: 429 RESOURCE_EXHAUSTED. {'error': {'code': 429, 'message': 'You exceeded your cu"
R1356,PARSE_FAIL,"api_error: 429 RESOURCE_EXHAUSTED. {'error': {'code': 429, 'message': 'You exceeded your cu"
R1367,PARSE_FAIL,"api_error: 429 RESOURCE_EXHAUSTED. {'error': {'code': 429, 'message': 'You exceeded your cu"
R1372,PARSE_FAIL,"api_error: 429 RESOURCE_EXHAUSTED. {'error': {'code': 429, 'message': 'You exceeded your cu"
R1409,PARSE_FAIL,"api_error: 429 RESOURCE_EXHAUSTED. {'error': {'code': 429, 'message': 'You exceeded your cu"
R1452,PARSE_FAIL,"api_error: 429 RESOURCE_EXHAUSTED. {'error': {'code': 429, 'message': 'You exceeded your cu"
R1460,PARSE_FAIL,"api_error: 429 RESOURCE_EXHAUSTED. {'error': {'code': 429, 'message': 'You exceeded your cu"
R1476,PARSE_FAIL,"api_error: 429 RESOURCE_EXHAUSTED. {'error': {'code': 429, 'message': 'You exceeded your cu"
R1479,PARSE_FAIL,"api_error: 429 RESOURCE_EXHAUSTED. {'error': {'code': 429, 'message': 'You exceeded your cu"
R1482,PARSE_FAIL,"api_error: 429 RESOURCE_EXHAUSTED. {'error': {'code': 429, 'message': 'You exceeded your cu"
R1483,PARSE_FAIL,"api_error: 429 RESOURCE_EXHAUSTED. {'error': {'code': 429, 'message': 'You exceeded your cu"
R1505,PARSE_FAIL,"api_error: 429 RESOURCE_EXHAUSTED. {'error': {'code': 429, 'message': 'You exceeded your cu"
R1511,PARSE_FAIL,"api_error: 429 RESOURCE_EXHAUSTED. {'error': {'code': 429, 'message': 'You exceeded your cu"
R1542,PARSE_FAIL,"api_error: 429 RESOURCE_EXHAUSTED. {'error': {'code': 429, 'message': 'You exceeded your cu"
R1551,PARSE_FAIL,"api_error: 429 RESOURCE_EXHAUSTED. {'error': {'code': 429, 'message': 'You exceeded your cu"
R1637,PARSE_FAIL,"api_error: 429 RESOURCE_EXHAUSTED. {'error': {'code': 429, 'message': 'You exceeded your cu"
R1642,PARSE_FAIL,"api_error: 429 RESOURCE_EXHAUSTED. {'error': {'code': 429, 'message': 'You exceeded your cu"
R0004,PARSE_FAIL,"api_error: 429 RESOURCE_EXHAUSTED. {'error': {'code': 429, 'message': 'You exceeded your cu"
R0007,PARSE_FAIL,"api_error: 429 RESOURCE_EXHAUSTED. {'error': {'code': 429, 'message': 'You exceeded your cu"
R0017,PARSE_FAIL,"api_error: 429 RESOURCE_EXHAUSTED. {'error': {'code': 429, 'message': 'You exceeded your cu"
R0036,PARSE_FAIL,"api_error: 429 RESOURCE_EXHAUSTED. {'error': {'code': 429, 'message': 'You exceeded your cu"
R0055,PARSE_FAIL,"api_error: 429 RESOURCE_EXHAUSTED. {'error': {'code': 429, 'message': 'You exceeded your cu"
R0100,PARSE_FAIL,"api_error: 429 RESOURCE_EXHAUSTED. {'error': {'code': 429, 'message': 'You exceeded your cu"
R0129,PARSE_FAIL,"api_error: 429 RESOURCE_EXHAUSTED. {'error': {'code': 429, 'message': 'You exceeded your cu"
R0162,PARSE_FAIL,"api_error: 429 RESOURCE_EXHAUSTED. {'error': {'code': 429, 'message': 'You exceeded your cu"
R0244,PARSE_FAIL,"api_error: 429 RESOURCE_EXHAUSTED. {'error': {'code': 429, 'message': 'You exceeded your cu"
R0284,PARSE_FAIL,"api_error: 429 RESOURCE_EXHAUSTED. {'error': {'code': 429, 'message': 'You exceeded your cu"
R0290,PARSE_FAIL,"api_error: 429 RESOURCE_EXHAUSTED. {'error': {'code': 429, 'message': 'You exceeded your cu"
R0292,PARSE_FAIL,"api_error: 429 RESOURCE_EXHAUSTED. {'error': {'code': 429, 'message': 'You exceeded your cu"
R0298,PARSE_FAIL,"api_error: 429 RESOURCE_EXHAUSTED. {'error': {'code': 429, 'message': 'You exceeded your cu"
R0327,PARSE_FAIL,"api_error: 429 RESOURCE_EXHAUSTED. {'error': {'code': 429, 'message': 'You exceeded your cu"
R0358,PARSE_FAIL,"api_error: 429 RESOURCE_EXHAUSTED. {'error': {'code': 429, 'message': 'You exceeded your cu"
R0396,PARSE_FAIL,"api_error: 429 RESOURCE_EXHAUSTED. {'error': {'code': 429, 'message': 'You exceeded your cu"
R0469,PARSE_FAIL,"api_error: 429 RESOURCE_EXHAUSTED. {'error': {'code': 429, 'message': 'You exceeded your cu"
R0565,PARSE_FAIL,"api_error: 429 RESOURCE_EXHAUSTED. {'error': {'code': 429, 'message': 'You exceeded your cu"
R0615,PARSE_FAIL,"api_error: 429 RESOURCE_EXHAUSTED. {'error': {'code': 429, 'message': 'You exceeded your cu"
R0650,PARSE_FAIL,"api_error: 429 RESOURCE_EXHAUSTED. {'error': {'code': 429, 'message': 'You exceeded your cu"
R0665,PARSE_FAIL,"api_error: 429 RESOURCE_EXHAUSTED. {'error': {'code': 429, 'message': 'You exceeded your cu"
R0699,PARSE_FAIL,"api_error: 429 RESOURCE_EXHAUSTED. {'error': {'code': 429, 'message': 'You exceeded your cu"
R0718,PARSE_FAIL,"api_error: 429 RESOURCE_EXHAUSTED. {'error': {'code': 429, 'message': 'You exceeded your cu"
R0738,PARSE_FAIL,"api_error: 429 RESOURCE_EXHAUSTED. {'error': {'code': 429, 'message': 'You exceeded your cu"
R0750,PARSE_FAIL,"api_error: 429 RESOURCE_EXHAUSTED. {'error': {'code': 429, 'message': 'You exceeded your cu"
R0755,PARSE_FAIL,"api_error: 429 RESOURCE_EXHAUSTED. {'error': {'code': 429, 'message': 'You exceeded your cu"
R0801,PARSE_FAIL,"api_error: 429 RESOURCE_EXHAUSTED. {'error': {'code': 429, 'message': 'You exceeded your cu"
R0838,PARSE_FAIL,"api_error: 429 RESOURCE_EXHAUSTED. {'error': {'code': 429, 'message': 'You exceeded your cu"
R0852,PARSE_FAIL,"api_error: 429 RESOURCE_EXHAUSTED. {'error': {'code': 429, 'message': 'You exceeded your cu"
R0854,PARSE_FAIL,"api_error: 429 RESOURCE_EXHAUSTED. {'error': {'code': 429, 'message': 'You exceeded your cu"
R0859,PARSE_FAIL,"api_error: 429 RESOURCE_EXHAUSTED. {'error': {'code': 429, 'message': 'You exceeded your cu"
R0886,PARSE_FAIL,"api_error: 429 RESOURCE_EXHAUSTED. {'error': {'code': 429, 'message': 'You exceeded your cu"
R0896,PARSE_FAIL,"api_error: 429 RESOURCE_EXHAUSTED. {'error': {'code': 429, 'message': 'You exceeded your cu"
R0905,PARSE_FAIL,"api_error: 429 RESOURCE_EXHAUSTED. {'error': {'code': 429, 'message': 'You exceeded your cu"
R0923,PARSE_FAIL,"api_error: 429 RESOURCE_EXHAUSTED. {'error': {'code': 429, 'message': 'You exceeded your cu"
R0932,PARSE_FAIL,"api_error: 429 RESOURCE_EXHAUSTED. {'error': {'code': 429, 'message': 'You exceeded your cu"
R0941,PARSE_FAIL,"api_error: 429 RESOURCE_EXHAUSTED. {'error': {'code': 429, 'message': 'You exceeded your cu"
R0951,PARSE_FAIL,"api_error: 429 RESOURCE_EXHAUSTED. {'error': {'code': 429, 'message': 'You exceeded your cu"
R0960,PARSE_FAIL,"api_error: 429 RESOURCE_EXHAUSTED. {'error': {'code': 429, 'message': 'You exceeded your cu"
R0991,PARSE_FAIL,"api_error: 429 RESOURCE_EXHAUSTED. {'error': {'code': 429, 'message': 'You exceeded your cu"
R0995,PARSE_FAIL,"api_error: 429 RESOURCE_EXHAUSTED. {'error': {'code': 429, 'message': 'You exceeded your cu"
R1000,PARSE_FAIL,"api_error: 429 RESOURCE_EXHAUSTED. {'error': {'code': 429, 'message': 'You exceeded your cu"
R1012,PARSE_FAIL,"api_error: 429 RESOURCE_EXHAUSTED. {'error': {'code': 429, 'message': 'You exceeded your cu"
R1017,PARSE_FAIL,"api_error: 429 RESOURCE_EXHAUSTED. {'error': {'code': 429, 'message': 'You exceeded your cu"
R1027,PARSE_FAIL,"api_error: 429 RESOURCE_EXHAUSTED. {'error': {'code': 429, 'message': 'You exceeded your cu"
R1057,PARSE_FAIL,"api_error: 429 RESOURCE_EXHAUSTED. {'error': {'code': 429, 'message': 'You exceeded your cu"
R1083,PARSE_FAIL,"api_error: 429 RESOURCE_EXHAUSTED. {'error': {'code': 429, 'message': 'You exceeded your cu"
R1100,PARSE_FAIL,"api_error: 429 RESOURCE_EXHAUSTED. {'error': {'code': 429, 'message': 'You exceeded your cu"
R1106,PARSE_FAIL,"api_error: 429 RESOURCE_EXHAUSTED. {'error': {'code': 429, 'message': 'You exceeded your cu"
R1130,PARSE_FAIL,"api_error: 429 RESOURCE_EXHAUSTED. {'error': {'code': 429, 'message': 'You exceeded your cu"
R1132,PARSE_FAIL,"api_error: 429 RESOURCE_EXHAUSTED. {'error': {'code': 429, 'message': 'You exceeded your cu"
R1140,PARSE_FAIL,"api_error: 429 RESOURCE_EXHAUSTED. {'error': {'code': 429, 'message': 'You exceeded your cu"
R1148,PARSE_FAIL,"api_error: 429 RESOURCE_EXHAUSTED. {'error': {'code': 429, 'message': 'You exceeded your cu"
R1159,PARSE_FAIL,"api_error: 429 RESOURCE_EXHAUSTED. {'error': {'code': 429, 'message': 'You exceeded your cu"
R1160,PARSE_FAIL,"api_error: 429 RESOURCE_EXHAUSTED. {'error': {'code': 429, 'message': 'You exceeded your cu"
R1161,PARSE_FAIL,"api_error: 429 RESOURCE_EXHAUSTED. {'error': {'code': 429, 'message': 'You exceeded your cu"
R1175,PARSE_FAIL,"api_error: 429 RESOURCE_EXHAUSTED. {'error': {'code': 429, 'message': 'You exceeded your cu"
R1188,PARSE_FAIL,"api_error: 429 RESOURCE_EXHAUSTED. {'error': {'code': 429, 'message': 'You exceeded your cu"
R1191,PARSE_FAIL,"api_error: 429 RESOURCE_EXHAUSTED. {'error': {'code': 429, 'message': 'You exceeded your cu"
R1205,PARSE_FAIL,"api_error: 429 RESOURCE_EXHAUSTED. {'error': {'code': 429, 'message': 'You exceeded your cu"
R1207,PARSE_FAIL,"api_error: 429 RESOURCE_EXHAUSTED. {'error': {'code': 429, 'message': 'You exceeded your cu"
R1212,PARSE_FAIL,"api_error: 429 RESOURCE_EXHAUSTED. {'error': {'code': 429, 'message': 'You exceeded your cu"
R1214,PARSE_FAIL,"api_error: 429 RESOURCE_EXHAUSTED. {'error': {'code': 429, 'message': 'You exceeded your cu"
R1221,PARSE_FAIL,"api_error: 429 RESOURCE_EXHAUSTED. {'error': {'code': 429, 'message': 'You exceeded your cu"
R1229,PARSE_FAIL,"api_error: 429 RESOURCE_EXHAUSTED. {'error': {'code': 429, 'message': 'You exceeded your cu"
R1232,PARSE_FAIL,"api_error: 429 RESOURCE_EXHAUSTED. {'error': {'code': 429, 'message': 'You exceeded your cu"
R1244,PARSE_FAIL,"api_error: 429 RESOURCE_EXHAUSTED. {'error': {'code': 429, 'message': 'You exceeded your cu"
R1255,PARSE_FAIL,"api_error: 429 RESOURCE_EXHAUSTED. {'error': {'code': 429, 'message': 'You exceeded your cu"
R1258,PARSE_FAIL,"api_error: 429 RESOURCE_EXHAUSTED. {'error': {'code': 429, 'message': 'You exceeded your cu"
R1268,PARSE_FAIL,"api_error: 429 RESOURCE_EXHAUSTED. {'error': {'code': 429, 'message': 'You exceeded your cu"
R1275,PARSE_FAIL,"api_error: 429 RESOURCE_EXHAUSTED. {'error': {'code': 429, 'message': 'You exceeded your cu"
R1294,PARSE_FAIL,"api_error: 429 RESOURCE_EXHAUSTED. {'error': {'code': 429, 'message': 'You exceeded your cu"
R1295,PARSE_FAIL,"api_error: 429 RESOURCE_EXHAUSTED. {'error': {'code': 429, 'message': 'You exceeded your cu"
R1329,PARSE_FAIL,"api_error: 429 RESOURCE_EXHAUSTED. {'error': {'code': 429, 'message': 'You exceeded your cu"
R1339,PARSE_FAIL,"api_error: 429 RESOURCE_EXHAUSTED. {'error': {'code': 429, 'message': 'You exceeded your cu"
R1348,PARSE_FAIL,"api_error: 429 RESOURCE_EXHAUSTED. {'error': {'code': 429, 'message': 'You exceeded your cu"
R1358,PARSE_FAIL,"api_error: 429 RESOURCE_EXHAUSTED. {'error': {'code': 429, 'message': 'You exceeded your cu"
R1362,PARSE_FAIL,"api_error: 429 RESOURCE_EXHAUSTED. {'error': {'code': 429, 'message': 'You exceeded your cu"
R1381,PARSE_FAIL,"api_error: 429 RESOURCE_EXHAUSTED. {'error': {'code': 429, 'message': 'You exceeded your cu"
R1405,PARSE_FAIL,"api_error: 429 RESOURCE_EXHAUSTED. {'error': {'code': 429, 'message': 'You exceeded your cu"
R1423,PARSE_FAIL,"api_error: 429 RESOURCE_EXHAUSTED. {'error': {'code': 429, 'message': 'You exceeded your cu"
R1427,PARSE_FAIL,"api_error: 429 RESOURCE_EXHAUSTED. {'error': {'code': 429, 'message': 'You exceeded your cu"
R1443,PARSE_FAIL,"api_error: 429 RESOURCE_EXHAUSTED. {'error': {'code': 429, 'message': 'You exceeded your cu"
R1463,PARSE_FAIL,"api_error: 429 RESOURCE_EXHAUSTED. {'error': {'code': 429, 'message': 'You exceeded your cu"
R1494,PARSE_FAIL,"api_error: 429 RESOURCE_EXHAUSTED. {'error': {'code': 429, 'message': 'You exceeded your cu"
R1518,PARSE_FAIL,"api_error: 429 RESOURCE_EXHAUSTED. {'error': {'code': 429, 'message': 'You exceeded your cu"
R1532,PARSE_FAIL,"api_error: 429 RESOURCE_EXHAUSTED. {'error': {'code': 429, 'message': 'You exceeded your cu"
R1548,PARSE_FAIL,"api_error: 429 RESOURCE_EXHAUSTED. {'error': {'code': 429, 'message': 'You exceeded your cu"
R1563,PARSE_FAIL,"api_error: 429 RESOURCE_EXHAUSTED. {'error': {'code': 429, 'message': 'You exceeded your cu"
R1567,PARSE_FAIL,"api_error: 429 RESOURCE_EXHAUSTED. {'error': {'code': 429, 'message': 'You exceeded your cu"
R1573,PARSE_FAIL,"api_error: 429 RESOURCE_EXHAUSTED. {'error': {'code': 429, 'message': 'You exceeded your cu"
R1575,PARSE_FAIL,"api_error: 429 RESOURCE_EXHAUSTED. {'error': {'code': 429, 'message': 'You exceeded your cu"
R1584,PARSE_FAIL,"api_error: 429 RESOURCE_EXHAUSTED. {'error': {'code': 429, 'message': 'You exceeded your cu"
R1611,PARSE_FAIL,"api_error: 429 RESOURCE_EXHAUSTED. {'error': {'code': 429, 'message': 'You exceeded your cu"
R1616,PARSE_FAIL,"api_error: 429 RESOURCE_EXHAUSTED. {'error': {'code': 429, 'message': 'You exceeded your cu"
R1617,PARSE_FAIL,"api_error: 429 RESOURCE_EXHAUSTED. {'error': {'code': 429, 'message': 'You exceeded your cu"
R1621,PARSE_FAIL,"api_error: 429 RESOURCE_EXHAUSTED. {'error': {'code': 429, 'message': 'You exceeded your cu"
R1625,PARSE_FAIL,"api_error: 429 RESOURCE_EXHAUSTED. {'error': {'code': 429, 'message': 'You exceeded your cu"
R1632,PARSE_FAIL,"api_error: 429 RESOURCE_EXHAUSTED. {'error': {'code': 429, 'message': 'You exceeded your cu"
R1634,PARSE_FAIL,"api_error: 429 RESOURCE_EXHAUSTED. {'error': {'code': 429, 'message': 'You exceeded your cu"
R1635,PARSE_FAIL,"api_error: 429 RESOURCE_EXHAUSTED. {'error': {'code': 429, 'message': 'You exceeded your cu"
R1645,PARSE_FAIL,"api_error: 429 RESOURCE_EXHAUSTED. {'error': {'code': 429, 'message': 'You exceeded your cu"
R1659,PARSE_FAIL,"api_error: 429 RESOURCE_EXHAUSTED. {'error': {'code': 429, 'message': 'You exceeded your cu"
R1661,PARSE_FAIL,"api_error: 429 RESOURCE_EXHAUSTED. {'error': {'code': 429, 'message': 'You exceeded your cu"
R1662,PARSE_FAIL,"api_error: 429 RESOURCE_EXHAUSTED. {'error': {'code': 429, 'message': 'You exceeded your cu"
R1677,PARSE_FAIL,"api_error: 429 RESOURCE_EXHAUSTED. {'error': {'code': 429, 'message': 'You exceeded your cu"
