rec_id,stratum,review_type,source_db,title,year,doi,machine_ta,machine_decision,machine_justification,rater2,rater2_reason,adjudicator_decision,adjudicator_notes
R0074,A_incl_fulltext,DISCORDANT — adjudicate,PubMed,Barriers and opportunities to implementation of sustainable e-Health programmes in Uganda: A literature review.,2017,10.4102/phcfm.v9i1.1277,PASS,INCLUDE (full text assessed),Systematic literature review of e-Health implementation barriers and facilitators at national level (Uganda); directly addresses organizational and system-level adoption determinants of health-IT infrastructure.,EXCLUDE,"Broad e-Health/m-Health review, not specific to EHR/HIE interoperability systems.",,
R0096,A_incl_fulltext,DISCORDANT — adjudicate,PubMed,Exploring facilitators and barriers of the sustainable acceptance of e-health system solutions in Ethiopia: A systematic review.,2023,10.1371/journal.pone.0287991,PASS,INCLUDE (full text assessed),Systematic review of barriers and facilitators of e-health system adoption at organizational/national level in Ethiopia; empirical studies synthesized; fits PRISMA scope exactly.,EXCLUDE,"Individual acceptance factors (UTAUT-type), not org/institutional-level EHR/HIE interoperability adoption.",,
R0145,A_incl_fulltext,DISCORDANT — adjudicate,PubMed,Understanding inherent influencing factors to digital health adoption in general practices through a mixed-methods analysis.,2024,10.1038/s41746-024-01049-0,PASS,INCLUDE (full text assessed),"Empirical mixed-methods study of adoption barriers and facilitators for digital health systems in general practices (organizational level); examines determinants including GP characteristics, workflow, reimbursement, and training.",EXCLUDE,"General digital health adoption by GPs, not specifically EHR/HIE interoperability technology.",,
R0152,A_incl_fulltext,DISCORDANT — adjudicate,PubMed,Digital Health Technology Adoption Among Chinese Physicians: Latent Profile Analysis and Cross-Sectional Study.,2025,10.2196/77840,PASS,INCLUDE (full text assessed),"Empirical cross-sectional study of physician adoption of digital health technologies (DHTs) at organizational level (46 hospitals in China), examining determinants (barriers, benefits, behavioral intention, demographic/occupational factors) of adoption using latent profile analysis.",EXCLUDE,"Individual physician perceptions/acceptance of generic DHT, not EHR/HIE organizational adoption.",,
R0249,A_incl_fulltext,DISCORDANT — adjudicate,PubMed,Factors affecting the adoption of e-health system in the Kingdom of Saudi Arabia.,2021,10.1093/inthealth/ihaa091,PASS,INCLUDE (full text assessed),Empirical study investigating determinants (barriers and facilitators) of e-health system adoption at the national level in Saudi Arabia; addresses organizational/system-level implementation factors.,EXCLUDE,"Individual patient/user acceptance survey, not organizational/national-level determinants study.",,
R0309,A_incl_fulltext,DISCORDANT — adjudicate,PubMed,Human factors and systems simulation methods to optimize peri-operative EHR design and implementation.,2025,10.1186/s41077-025-00349-z,PASS,INCLUDE (full text assessed),"Empirical quality-improvement study of EHR implementation and design optimization at organizational level (single academic children's hospital), examining adoption barriers/facilitators (usability, workflow integration, safety) through human-factors and simulation methods prior to go-live.",EXCLUDE,"Usability/human factors testing pre-go-live, not adoption/implementation determinants at org level.",,
R0338,A_incl_fulltext,DISCORDANT — adjudicate,PubMed,Implementation and adoption of a health insurance support tool in the electronic health record: a mixed methods analysis within a randomized trial.,2020,10.1186/s12913-020-05317-z,PASS,INCLUDE (full text assessed),Empirical study (RCT with mixed methods) of adoption and implementation of an EHR-integrated tool at the organizational level (CHCs); examines barriers and facilitators to tool utilization using implementation science framework.,EXCLUDE,"Insurance enrollment tool within EHR, not core EHR/HIE interoperability adoption.",,
R0347,A_incl_fulltext,DISCORDANT — adjudicate,PubMed,SERIES: eHealth in primary care. Part 4: Addressing the challenges of implementation.,2020,10.1080/13814788.2020.1826431,PASS,INCLUDE (full text assessed),"Empirical framework/guidance study on barriers, facilitators, and evidence-based implementation strategies for eHealth (applications) adoption in primary care organizations; directly addresses organizational-level implementation determinants using CFIR.",EXCLUDE,"General eHealth implementation framework, not EHR/HIE interoperability-specific.",,
R0357,A_incl_fulltext,DISCORDANT — adjudicate,PubMed,NIATx-TI versus typical product training on e-health technology implementation: a clustered randomized controlled trial study protocol.,2020,10.1186/s13012-020-01053-4,PASS,INCLUDE (full text assessed),"Empirical RCT protocol studying organizational adoption and implementation of an e-health system (A-CHESS mobile app) across multiple SUD treatment organizations, comparing implementation strategies (NIATx-TI vs. typical training) at the organizational level.",EXCLUDE,"Single-disease (SUD) e-health app implementation trial, not EHR/HIE interoperability.",,
R0361,A_incl_fulltext,DISCORDANT — adjudicate,PubMed,Identification of Factors Influencing the Adoption of Health Information Technology by Nurses Who Are Digitally Lagging: In-Depth Interview Study.,2020,10.2196/15630,PASS,INCLUDE (full text assessed),"Empirical qualitative study of HIT adoption determinants (barriers, facilitators) at organizational level in a healthcare setting; identifies factors influencing nurses' adoption of EHR/HIT systems within a hospital context.",EXCLUDE,"Individual nurse-level acceptance/skills study, not organizational/institutional adoption determinants.",,
R0363,A_incl_fulltext,DISCORDANT — adjudicate,PubMed,Evaluation of the nation-wide implementation of ALS home monitoring & coaching: an e-health innovation for personalized care for patients with motor neuron disease.,2022,10.1186/s12913-022-08724-6,PASS,INCLUDE (full text assessed),"Empirical study of organizational-level adoption and implementation of an eHealth system (ALS home monitoring & coaching) across 10 multidisciplinary rehabilitation settings, evaluating implementation outcomes, barriers, facilitators, and sustainability using implementation science frameworks.",EXCLUDE,"Single-disease (ALS) telemonitoring app, not EHR/HIE interoperability technology.",,
R0411,A_incl_fulltext,DISCORDANT — adjudicate,PubMed,The Applicability of the Modified Technology Acceptance Model (TAM) on the Sustainable Adoption of eHealth Systems in Resource-Limited Settings.,2020,10.2147/JMDH.S284973,PASS,INCLUDE (full text assessed),"Empirical study examining determinants (perceived usefulness, ease of use, technical infrastructure, IT experience, attitude) of health professionals' adoption intention for eHealth systems at organizational level in resource-limited settings; applies modified TAM framework to assess behavioral inte",EXCLUDE,"Individual health-professional acceptance study (TAM), not organizational/system-level adoption determinants.",,
R0412,A_incl_fulltext,DISCORDANT — adjudicate,PubMed,Implementation of eMental Health care: viewpoints from key informants from organizations and agencies with eHealth mandates.,2017,10.1186/s12911-017-0474-9,PASS,INCLUDE (full text assessed),"Empirical key-informant study of organizational and system-level adoption/implementation determinants (barriers, facilitators, success factors) of eMental Health technology and electronic medical record integration across healthcare organizations in multiple countries.",EXCLUDE,"Focuses on eMental health technology implementation, not EHR/HIE interoperability.",,
R0449,A_incl_fulltext,DISCORDANT — adjudicate,PubMed,"Accessing the Digital Health Application (DiGA) Market: Key Success Factors, Market Barriers and Strategies for Sustainable Adoption.",2026,10.1177/00469580261433432,PASS,INCLUDE (full text assessed),"Empirical mixed-methods study of determinants (success factors, barriers, strategies) of adoption of a regulated digital health system (DiGA) at organizational/national level in Germany and Europe.",EXCLUDE,"DiGA are prescribable digital therapeutic apps, not EHR/EMR/HIE interoperability technology.",,
R0507,A_incl_fulltext,DISCORDANT — adjudicate,PubMed,An iterative approach to developing a multifaceted implementation strategy for a complex eHealth intervention within clinical practice.,2023,10.1186/s12913-023-10439-1,PASS,INCLUDE (full text assessed),"Empirical study of implementation strategy development for a complex eHealth system (BENEFIT platform with Personal Health Portal) at organizational level (cardiac care centres), addressing adoption determinants and barriers through iterative theory-practice refinement using established implementati",EXCLUDE,"Single-condition cardiac eHealth intervention, not EHR/HIE interoperability.",,
R0544,A_incl_fulltext,DISCORDANT — adjudicate,PubMed,A structured framework to improve usability in EHR implementation: a user-centered case study in Brazilian mental healthcare.,2025,10.3389/fdgth.2025.1676631,PASS,INCLUDE (full text assessed),"Empirical case study of EHR system usability and implementation barriers at the organizational level (Brazilian mental healthcare facility); focuses on adoption determinants (usability barriers, design framework) and implementation improvement through user-centered design methodology.",EXCLUDE,"Focuses on usability/UI design, not adoption/implementation determinants at organizational level.",,
R0559,A_incl_fulltext,DISCORDANT — adjudicate,PubMed,Electronic Health Record Implementation Enhances Financial Performance in High Medicaid Nursing Homes.,2024,10.2147/JMDH.S457420,PASS,INCLUDE (full text assessed),"Empirical study of EHR implementation and adoption determinants (financial performance as a facilitator/business case) at the organizational level (nursing homes), directly addressing organizational-level EHR adoption.",EXCLUDE,"Studies EHR's effect on financial performance, not adoption/implementation determinants.",,
R0591,A_incl_fulltext,DISCORDANT — adjudicate,PubMed,Implementation of the Flexible Assertive Community Treatment (FACT) Model in Norway: eHealth Assessment Study.,2022,10.2196/32220,PASS,INCLUDE (full text assessed),"Empirical study examining organizational-level implementation of FACT teams in Norway, with explicit focus on eHealth infrastructure, policy, and regulations as determinants of adoption; health-IT system interoperability is a core barrier identified.",EXCLUDE,"Focus is mental health FACT model implementation, not EHR/HIE interoperability system itself.",,
R0623,A_incl_fulltext,DISCORDANT — adjudicate,PubMed,A Self-help Tool to Facilitate Implementation of eHealth Initiatives in Health Care (E-Ready): Formative Evaluation.,2022,10.2196/17568,PASS,INCLUDE (full text assessed),"Empirical study developing and evaluating a tool specifically designed to assess organizational readiness and facilitate eHealth implementation at the healthcare organization level; directly addresses determinants (readiness, engagement, conditions for change) of eHealth system adoption.",EXCLUDE,"Generic readiness tool for eHealth broadly, not EHR/HIE interoperability specific.",,
R0682,A_incl_fulltext,DISCORDANT — adjudicate,PubMed,A comprehensive eHealth implementation guide constructed on a qualitative case study on barriers and facilitators of the digital care platform CMyLife.,2022,10.1186/s12913-022-08020-3,PASS,INCLUDE (full text assessed),"Qualitative case study of organizational-level barriers and facilitators for nationwide implementation of a digital care platform (CMyLife) in clinical practice, with development of an implementation guide—directly addresses determinants of eHealth system adoption at the organizational/national leve",EXCLUDE,"Single-disease (cancer) patient-centred digital care platform, not EHR/HIE interoperability.",,
R0739,A_incl_fulltext,DISCORDANT — adjudicate,PubMed,Adoption and perception of prescribable digital health applications (DiGA) and the advancing digitalization among German internal medicine physicians: a cross-sectional survey study.,2024,10.1186/s12913-024-11807-1,PASS,INCLUDE (full text assessed),"Empirical study of adoption, barriers, and facilitators of prescribable digital health applications (DiGAs) among physicians at the organizational/national level in Germany's healthcare system.",EXCLUDE,"DiGA are prescribable digital therapeutics, not EHR/HIE/interoperability technology.",,
R0794,A_incl_fulltext,DISCORDANT — adjudicate,PubMed,"Exploring the Dynamics of Actors, Structural Factors, and Bricolage in the Implementation and Sustainability of eHealth Solutions: Qualitative Multiple-Case Study.",2026,10.2196/79999,PASS,INCLUDE (full text assessed),"Empirical qualitative study of determinants (actors, structural factors, bricolage practices) of eHealth implementation and sustainability at organizational level across European health systems; directly addresses adoption barriers and facilitators.",EXCLUDE,"Generic eHealth implementation dynamics, not EHR/EMR/HIE interoperability-specific.",,
R0795,A_incl_fulltext,DISCORDANT — adjudicate,PubMed,Implementation of eHealth to Support Assessment and Decision-making for Residents With Dementia in Long-term Care: Systematic Review.,2022,10.2196/29837,PASS,INCLUDE (full text assessed),"Systematic review of eHealth implementation determinants (barriers, facilitators, success factors) in long-term care organizations for dementia residents; uses CFIR framework to identify key factors influencing adoption; directly addresses organizational-level implementation of health-IT systems.",EXCLUDE,"Single-condition (dementia) eHealth intervention, not EHR/HIE/health-IT interoperability.",,
R0803,A_incl_fulltext,DISCORDANT — adjudicate,PubMed,Learning from digital health investments during COVID-19 vaccine program implementation: a research collaboration and theory of change.,2024,10.1093/oodh/oqae005,PASS,INCLUDE (full text assessed),Empirical multi-country study of COVID-19 vaccine digital health investments and their contribution to strengthening the digital health enabling environment and health system at organizational/national level; directly addresses adoption and implementation determinants of digital health infrastructur,EXCLUDE,"Focuses on COVID-19 vaccine digital data systems, not EHR/HIE interoperability adoption.",,
R0815,A_incl_fulltext,DISCORDANT — adjudicate,PubMed,When Tech Meets Touch: Multistakeholder Perspectives and Implementation Strategies for eHealth in Chronic Kidney Disease: A Systematic Review Using Computational Linguistics.,2026,10.1155/jonm/7612011,PASS,INCLUDE (full text assessed),"Systematic review of determinants (barriers, facilitators, stakeholder perspectives) of eHealth system adoption/implementation in a specific clinical context (chronic kidney disease), at organizational and multi-stakeholder levels, with implementation strategies derived from established frameworks.",EXCLUDE,"Single-disease (CKD) digital health intervention, not EHR/HIE interoperability.",,
R0850,A_incl_fulltext,DISCORDANT — adjudicate,PubMed,Perception towards electronic health records & uptake of digital health IDs among the urban residents in northern India: A mixed methods study.,2024,10.25259/ijmr_664_23,PASS,INCLUDE (full text assessed),"Empirical mixed-methods study of adoption/uptake of a national-level EHR system (ABDM digital health IDs) in India, examining organizational and population-level barriers and facilitators to implementation.",EXCLUDE,"Individual patient/consumer acceptance study of digital health ID uptake, not organizational-level.",,
R0883,A_incl_fulltext,DISCORDANT — adjudicate,PubMed,Creation of an Evidence-Based Implementation Framework for Digital Health Technology in the Intensive Care Unit: Qualitative Study.,2022,10.2196/22866,PASS,INCLUDE (full text assessed),"Empirical qualitative study of barriers and facilitators to adoption/implementation of a digital health technology (remote patient monitoring platform) at the organizational level (ICU within a hospital), with development of an evidence-based implementation framework.",EXCLUDE,"Remote monitoring device in ICU, not EHR/EMR/HIE interoperability technology.",,
R0914,A_incl_fulltext,DISCORDANT — adjudicate,PubMed,Determinants of the implementation of eHealth-based long-term follow-up care for young cancer survivors: a qualitative study.,2024,10.1186/s12885-024-12910-6,PASS,INCLUDE (full text assessed),Empirical qualitative study of eHealth implementation determinants (facilitators and barriers) for organizational/clinical adoption of telemedical care systems in cancer aftercare; focuses on implementation factors at healthcare-delivery level.,EXCLUDE,"Single-disease (cancer survivorship) telemedicine app, not EHR/HIE interoperability.",,
R1211,A_incl_fulltext,DISCORDANT — adjudicate,PubMed,Barriers to Creating Scalable Business Models for Digital Health Innovation in Public Systems: Qualitative Case Study.,2020,10.2196/20579,PASS,INCLUDE (full text assessed),Empirical qualitative case-study analysis of organizational-level barriers to adoption and integration of digital health systems (EHR/health-IT innovations) within public healthcare systems; addresses determinants and facilitators of system-level implementation.,EXCLUDE,"General digital health SME/business-model barriers, not EHR/HIE interoperability adoption.",,
R1340,A_incl_fulltext,DISCORDANT — adjudicate,PubMed,Identifying and Addressing Barriers to Implementing Core Electronic Health Record Use Metrics for Ambulatory Care: Virtual Consensus Conference Proceedings.,2023,10.1055/a-2187-3243,PASS,INCLUDE (full text assessed),"Empirical consensus-building study on barriers and facilitators to organizational-level EHR implementation and use metrics in ambulatory care settings, with multi-stakeholder engagement and actionable solutions for system adoption.",EXCLUDE,"About implementing EHR usage-metrics standards, not adoption/implementation of EHR/HIE interoperability.",,
R1428,A_incl_fulltext,DISCORDANT — adjudicate,PubMed,Integration of Screening and Referral Tools for Social Determinants of Health and Modifiable Lifestyle Factors in the Epic Electronic Health Record System: Scoping Review.,2025,10.2196/73615,PASS,INCLUDE (full text assessed),"Scoping review of organizational adoption and implementation of SDOH/modifiable-risk-factor screening tools integrated into Epic EHR systems across US healthcare organizations; directly addresses barriers, facilitators, workflow modifications, and outcomes of EHR system adoption at organizational le",EXCLUDE,"Focus is SDOH/lifestyle screening tools, not EHR interoperability adoption per se.",,
R1453,A_incl_fulltext,DISCORDANT — adjudicate,PubMed,An Approach to Potentially Increasing Adoption of an Artificial Intelligence-Enabled Electronic Medical Record Encounter in Canadian Primary Care: Protocol for a User-Centered Design.,2024,10.2196/54365,PASS,INCLUDE (full text assessed),"Empirical study (protocol-based, with qualitative data collection underway) examining organizational-level adoption determinants of an AI-enabled EMR system in primary care using user-centered design and technology acceptance models.",EXCLUDE,"Protocol for AI encounter module design, not interoperability adoption at org/system level.",,
R1487,A_incl_fulltext,DISCORDANT — adjudicate,PubMed,The Value of Electronic Medical Record Implementation in Mental Health Care: A Case Study.,2017,10.2196/medinform.6512,PASS,INCLUDE (full text assessed),"Empirical case study of EMR implementation and adoption at a specialized mental health organization, examining organizational-level outcomes, quality improvement initiatives, and determinants of value—directly within scope of organizational-level eHealth system adoption.",EXCLUDE,"Single-facility EMR case study on care quality outcomes, not adoption determinants.",,
R1547,A_incl_fulltext,DISCORDANT — adjudicate,PubMed,"A Community-Based, Mobile Electronic Medical Record System App for High-Quality, Integrated Antiretroviral Therapy in Lilongwe, Malawi: Design Process and Pilot Implementation.",2023,10.2196/48671,PASS,INCLUDE (full text assessed),"Empirical study of design and pilot implementation of a mobile EMR system (CARES) for organizational adoption in community-based ART delivery; focuses on determinants (HCD process, stakeholder engagement, local optimization) of system adoption at organizational level in a healthcare setting.",EXCLUDE,"Single-disease (HIV/ART) community app, not org-level EHR/HIE interoperability determinant study.",,
R1549,A_incl_fulltext,DISCORDANT — adjudicate,PubMed,Differences in changes of data completeness after the implementation of an electronic medical record in three surgical departments of a German hospital-a longitudinal comparative document analysis.,2024,10.1186/s12911-024-02667-0,PASS,INCLUDE (full text assessed),Empirical study of organizational-level EHR implementation examining determinants (adoption process stages) of data quality improvements across departments in a healthcare organization.,EXCLUDE,"Studies data quality/completeness impact of EMR, not adoption determinants.",,
R0091,B_incl_abstract,DISCORDANT — adjudicate,PubMed,Implementation of a Naloxone Best Practice Advisory Into an Electronic Health Record.,2023,10.1097/ADM.0000000000001102,PASS,INCLUDE (abstract assessed),Empirical study of EHR alert implementation to improve naloxone coprescribing adoption at organizational/statewide level; examines determinants (clinical decision support) and outcomes of health-IT system use in healthcare delivery.,EXCLUDE,"Single clinical decision-support alert for naloxone, not EHR/HIE adoption/implementation study.",,
R0200,B_incl_abstract,DISCORDANT — adjudicate,PubMed,The Association of Electronic Health Record Adoption with Staffing Mix in Community Health Centers.,2017,10.1111/1475-6773.12648,PASS,INCLUDE (abstract assessed),"Empirical study of EHR adoption determinants (staffing mix changes) at organizational level (community health centers), using administrative data and survey responses.",EXCLUDE,"Studies EHR adoption's effect on staffing mix, not determinants of adoption/implementation.",,
R0220,B_incl_abstract,DISCORDANT — adjudicate,PubMed,Recommendations for health information technology implementation in rural hospitals.,2016,10.1108/IJHCQA-09-2015-0115,PASS,INCLUDE (abstract assessed),Empirical observational study of HIT system implementation and adoption barriers/facilitators at the organizational level (rural hospital); provides determinants and recommendations for HIT adoption in resource-limited settings.,EXCLUDE,"Study is HIT usability/workflow analysis, not adoption/implementation determinants at organizational level.",,
R0300,B_incl_abstract,DISCORDANT — adjudicate,PubMed,Obstacles to Successful Implementation of eHealth Applications into Clinical Practice.,2018,,PASS,INCLUDE (abstract assessed),"Empirical study of barriers to eHealth implementation at organizational level (Dutch healthcare system), addressing adoption determinants across financing, human, and organizational factors.",EXCLUDE,"General eHealth implementation barriers, not EHR/HIE/interoperability-specific.",,
R0352,B_incl_abstract,DISCORDANT — adjudicate,PubMed,Provider Adoption of an Online Attention Deficit Hyperactivity Disorder eHealth Care Application.,2025,10.1055/a-2562-1161,PASS,INCLUDE (abstract assessed),"Empirical study of determinants (practice, provider, patient-population factors) predicting adoption of an ADHD eHealth intervention at the organizational level (pediatric practices nationwide); uses EHR integration as a measured predictor of adoption outcomes.",EXCLUDE,"Single-condition (ADHD) ehealth app adoption, not general EHR/HIE interoperability.",,
R0388,B_incl_abstract,DISCORDANT — adjudicate,PubMed,The Role of Nurse Managers in the Adoption of Health Information Technology: Findings From a Qualitative Study.,2019,10.1097/NNA.0000000000000810,PASS,INCLUDE (abstract assessed),Empirical qualitative study of organizational-level health-IT adoption determinants: investigates nurse managers' role and strategies in facilitating point-of-care nurses' adoption of health IT within a healthcare organization (mental health hospital).,EXCLUDE,"Studies nurse-level health IT use/management strategies, not EHR/HIE interoperability adoption at org level.",,
R0425,B_incl_abstract,DISCORDANT — adjudicate,PubMed,eHealth in Wound Care: from conception to implementation.,2015,10.12968/jowc.2015.24.Sup5.S1,PASS,INCLUDE (abstract assessed),"Systematic overview of eHealth (telemedicine/telehealth) implementation in wound care, identifying barriers and facilitators to organizational adoption; framework-based analysis of implementation methodology and organizational integration.",EXCLUDE,"Telemedicine/telehealth for single-condition wound care, not EHR/HIE interoperability.",,
R0558,B_incl_abstract,DISCORDANT — adjudicate,PubMed,Invisible work and changing roles: Health information technology implementation and reorganization of work practices for the inpatient nursing team.,2019,10.1016/j.socscimed.2019.112387,PASS,INCLUDE (abstract assessed),"Empirical study of HIT (health information technology) implementation at organizational level (hospital/health system) examining adoption determinants (barriers: workflow disruption, role reconfiguration; facilitators: staffing realignment) and work practice changes in an inpatient setting.",EXCLUDE,"Focuses on work role reorganization post-implementation, not adoption/implementation determinants at org level.",,
R0593,B_incl_abstract,DISCORDANT — adjudicate,PubMed,Electronic Health Record Adoption and Nurse Reports of Usability and Quality of Care: The Role of Work Environment.,2019,10.1055/s-0039-1678551,PASS,INCLUDE (abstract assessed),"Empirical study of organizational-level EHR adoption determinants (work environment, sociotechnical factors) and their effects on nurse-reported usability and quality of care outcomes in 353 hospitals.",EXCLUDE,"Studies EHR adoption's effect on usability/quality outcomes, not determinants of adoption itself.",,
R0617,B_incl_abstract,DISCORDANT — adjudicate,PubMed,Barriers to Pediatric Health Information Exchange.,2017,10.1542/peds.2016-2653,PASS,INCLUDE (abstract assessed),Title clearly indicates organizational/national health information exchange (HIE) adoption study in pediatric healthcare setting; no abstract present but title is sufficiently specific to warrant inclusion as genuine HIE system adoption research.,EXCLUDE,No abstract; title alone insufficient to confirm organizational-level empirical HIE study.,,
R0823,B_incl_abstract,DISCORDANT — adjudicate,PubMed,Development and implementation of a digital health intervention in routine care for long COVID patients: a comprehensive synopsis.,2025,10.3310/GJHG0331,PASS,INCLUDE (abstract assessed),"Empirical study of organizational-level adoption and implementation of a digital health system (EHR/health-IT intervention) within NHS trusts, examining barriers, facilitators, and deployment factors affecting clinician and healthcare system engagement.",EXCLUDE,"Single-condition (long COVID) digital health intervention, not EHR/HIE interoperability.",,
R0942,B_incl_abstract,DISCORDANT — adjudicate,PubMed,Resource-based view on safety culture's influence on hospital performance: The moderating role of electronic health record implementation.,2020,10.1097/HMR.0000000000000217,PASS,INCLUDE (abstract assessed),Empirical study of EHR implementation as a moderator of safety culture's effect on hospital performance outcomes; examines organizational-level adoption and impact of EHR systems.,EXCLUDE,"Focuses on safety culture/performance outcomes, not EHR adoption determinants.",,
R0988,B_incl_abstract,DISCORDANT — adjudicate,PubMed,Implementation of a Medication Reconciliation Risk Stratification Tool Integrated within an electronic health record: A Case Series of Three Academic Medical Centers.,2022,10.1016/j.hjdsi.2022.100654,PASS,INCLUDE (abstract assessed),"Empirical case series study of organizational implementation and adoption of a medication reconciliation tool integrated within an EHR system at three academic medical centers; directly addresses adoption determinants (feasibility, workflow, interdisciplinary coordination) at the organizational leve",EXCLUDE,"Single clinical-tool (med reconciliation) implementation, not EHR/HIE interoperability adoption.",,
R0997,B_incl_abstract,DISCORDANT — adjudicate,PubMed,Implementation of Electronic Health Record Integration and Clinical Decision Support to Improve Emergency Department Prescription Drug Monitoring Program Use.,2024,10.1016/j.annemergmed.2023.07.002,PASS,INCLUDE (abstract assessed),"Empirical study of EHR-PDMP integration and clinical decision support implementation to improve organizational adoption/use of PDMP within emergency departments; directly addresses determinants (barriers, facilitators) of health-IT system adoption at organizational level.",EXCLUDE,"EHR-integrated clinical decision support for opioid/PDMP use, single-condition clinical intervention, not interoperabili",,
R1079,B_incl_abstract,DISCORDANT — adjudicate,PubMed,Interoperability Barriers in the European Health Data Space: A Scoping Review.,2026,10.3233/SHTI260408,PASS,INCLUDE (abstract assessed),Scoping review of interoperability barriers to adoption/implementation of European Health Data Space (health-IT infrastructure system) at national/system level across EU Member States; empirical synthesis of determinants (barriers) to organizational and cross-border health-IT system adoption.,EXCLUDE,"Year 2026 exceeds current scope; otherwise fits, but date disqualifies inclusion criteria.",,
R1204,B_incl_abstract,DISCORDANT — adjudicate,PubMed,"An evidence-based strategy to achieve equivalency and interoperability for social-behavioral determinants of health assessment, storage, exchange, and use.",2020,10.1177/1460458219882265,PASS,INCLUDE (abstract assessed),Empirical strategy paper on interoperable exchange and storage of social-behavioral determinants of health data across healthcare organizational systems; addresses system-level implementation of health-IT infrastructure for data integration and use within a healthcare delivery system.,EXCLUDE,"Focuses on SDOH data scoring/terminology strategy, not EHR/HIE adoption determinants.",,
R1223,B_incl_abstract,DISCORDANT — adjudicate,PubMed,"Integrating the Electronic Health Record into Behavioral Health Encounters: Strategies, Barriers, and Implications for Practice.",2017,10.1007/s10488-015-0676-3,PASS,INCLUDE (abstract assessed),"Qualitative study of EHR adoption and implementation strategies at the organizational/clinical-practice level in behavioral health; examines determinants (barriers, facilitators, optimization) of system integration into clinical workflows.",EXCLUDE,"Individual clinician-patient encounter use, not organizational/institutional adoption determinants.",,
R1398,B_incl_abstract,DISCORDANT — adjudicate,PubMed,The interaction between high-level electronic medical record adoption and hospitalist staffing levels: A focus on value-based purchasing.,2022,10.1177/09514848211001696,PASS,INCLUDE (abstract assessed),Empirical study of organizational-level EHR/EMR adoption determinants (capability levels) and their association with hospital performance; examines barriers/facilitators to system effectiveness at the hospital system level.,EXCLUDE,"Studies EMR adoption's effect on hospital performance, not determinants of adoption itself.",,
R1594,B_incl_abstract,DISCORDANT — adjudicate,IEEE,A Preliminary Implementation of HL7 FHIR to Achieve Interoperability in Indonesia's Local EHR,2020,10.1109/ICT49546.2020.9239534,PASS,INCLUDE (abstract assessed),Empirical study of EHR interoperability implementation (HL7 FHIR standard) at organizational level (Indonesian primary health centers); directly addresses adoption/feasibility of health-IT infrastructure for interoperability.,EXCLUDE,"Technical FHIR implementation/prototype study, not adoption/determinants at organizational level.",,
R0011,C_fulltext_excl,DISCORDANT — adjudicate,PubMed,"Beyond ""implementation"": digital health innovation and service design.",2018,10.1038/s41746-018-0059-8,PASS,EXCLUDE (full-text),"Commentary on organizational-level digital health technology adoption using service design framework; addresses determinants (value proposition, team routines, stakeholder perspectives) of successful EHR/health-IT implementation in healthcare settings.",EXCLUDE,"Commentary on generic digital health service design, not EHR/HIE-specific interoperability.",,
R0035,C_fulltext_excl,DISCORDANT — adjudicate,PubMed,Implementation and Analysis of an Institution-Wide EHR-Integrated Handoff Note.,2022,10.3233/SHTI220103,PASS,EXCLUDE (full-text),"Empirical study of EHR-integrated handoff note implementation and adoption across multiple clinical services at an institution; describes implementation strategy, uptake patterns (57% continued utilization across service lines), and system evolution post-deployment—core organizational-level EHR adop",EXCLUDE,"Single clinical workflow tool feature, not adoption/implementation of EHR/HIE interoperability system.",,
R0106,C_fulltext_excl,DISCORDANT — adjudicate,PubMed,Enhancing nursing home quality through electronic health record implementation.,2025,10.1177/18333583241274010,PASS,EXCLUDE (full-text),Empirical study of EHR implementation determinants and impact at organizational level (nursing homes); examines barriers (financial constraints) and outcomes (quality/deficiencies) using panel regression; directly addresses system-level adoption.,EXCLUDE,"Studies EHR's impact on care quality outcomes, not adoption determinants.",,
R0131,C_fulltext_excl,DISCORDANT — adjudicate,PubMed,Health Information Technology Adoption in the Emergency Department.,2016,10.1111/1475-6773.12307,PASS,EXCLUDE (full-text),Empirical study of health IT system adoption trends in hospital EDs at organizational level; examines determinants (effect on efficiency and resource use) of advanced IT adoption implementation.,EXCLUDE,"Studies effect on ED efficiency/resource use, not adoption determinants.",,
R0155,C_fulltext_excl,DISCORDANT — adjudicate,PubMed,The impact of e-health system implementation on UNWRA health services: an observational study.,2021,10.1016/S0140-6736(21)01503-8,PASS,EXCLUDE (full-text),Empirical observational study of EHR system implementation and its impact on health service delivery at organizational level (UNRWA multi-site health system across five operational fields); directly addresses adoption outcomes and system effectiveness on preventive-care indicators.,EXCLUDE,"Assesses EHR impact on care outcomes, not adoption/implementation determinants.",,
R0207,C_fulltext_excl,DISCORDANT — adjudicate,PubMed,Acceptance of electronic referrals across the Kingdom of Saudi Arabia: results from a national e-health database.,2024,10.3389/fpubh.2024.1337138,PASS,EXCLUDE (full-text),"Empirical study of adoption/uptake of a national e-health system (SMARC e-referral) at the organizational and national level in Saudi Arabia; examines determinants (machinery availability, patient demographics, referral type, sex, geographic unit, internal vs. external referrals) of acceptance/adopt",EXCLUDE,"Studies e-referral acceptance rates/patient factors, not organizational adoption/implementation determinants.",,
R0367,C_fulltext_excl,DISCORDANT — adjudicate,PubMed,CLUSTERING AND PRIORITIZING PATIENT SAFETY ISSUES DURING EHR IMPLEMENTATION AND UPGRADES IN HOSPITAL SETTINGS.,2017,10.1177/2327857917061028,PASS,EXCLUDE (full-text),Empirical study of determinants (barriers/safety issues) affecting EHR implementation and upgrades at the organizational level (hospitals); uses structured elicitation and prioritization methodology.,EXCLUDE,"Focuses on patient safety issue clustering, not adoption/implementation determinants at organizational level.",,
R0373,C_fulltext_excl,DISCORDANT — adjudicate,PubMed,"Development, implementation, and initial evaluation of a foundational open interoperability standard for oncology treatment planning and summarization.",2015,10.1093/jamia/ocu015,PASS,EXCLUDE (full-text),Empirical evaluation of development and implementation of an HL7 interoperability standard (eCOTPS) for oncology health information exchange at the organizational level across multiple healthcare systems; directly addresses adoption and implementation determinants of health-IT infrastructure for cli,EXCLUDE,"Disease-specific (oncology) data standard development, not general EHR/HIE adoption/implementation study.",,
R0427,C_fulltext_excl,DISCORDANT — adjudicate,PubMed,Call for implementation research: cross-continental partnership experiences from the Trans-African Digital e-Health Network (i-STARC Project).,2023,10.1136/ijgc-2021-003274,PASS,EXCLUDE (full-text),"Title indicates organizational/national e-health implementation and cross-continental partnership in digital health infrastructure (Trans-African Digital e-Health Network, i-STARC Project), suggesting system-level adoption focus; however, absence of abstract and venue specificity to gynecological ca",EXCLUDE,"Title indicates partnership/call-for-research commentary, not empirical study of eHealth interoperability adoption.",,
R0441,C_fulltext_excl,DISCORDANT — adjudicate,PubMed,"Correspondence to ""Conceptualizing Patient as an Organization with the Adoption of Digital Health"".",2024,10.1177/11795972241293514,PASS,EXCLUDE (full-text),Title suggests conceptual/commentary framing on patient engagement with digital health adoption; absent abstract prevents confirmation of organizational/system-level adoption scope versus patient-facing individual acceptance. Correspondence/letter format raises X5 concern.,EXCLUDE,"Correspondence/editorial piece, not empirical study of EHR/HIE adoption.",,
R0484,C_fulltext_excl,DISCORDANT — adjudicate,PubMed,Personnel key to successful EHR implementation.,2015,,PASS,EXCLUDE (full-text),"Title clearly indicates organizational EHR implementation study; no abstract available but title explicitly names EHR adoption as the subject, meeting scope for determinants of health-IT system implementation at organizational level.",EXCLUDE,Insufficient information from title alone; no abstract to confirm scope/design/level.,,
R0491,C_fulltext_excl,DISCORDANT — adjudicate,PubMed,The heroes among us: Leveraging Africa's youth for effective digital health implementation in communities.,2025,10.1371/journal.pdig.0000954,PASS,EXCLUDE (full-text),Title suggests community-level digital health implementation in Africa with youth engagement; no abstract to confirm organizational/system-level adoption focus or empirical methodology. Requires full text review.,EXCLUDE,"No abstract; title suggests community youth engagement, not org/national eHealth interoperability determinants.",,
R0492,C_fulltext_excl,DISCORDANT — adjudicate,PubMed,"Digital Health Technology Adoption Depends On Tech Comfort Level, Willingness to Pay.",2015,,PASS,EXCLUDE (full-text),"Title suggests individual/consumer-level technology acceptance (tech comfort, willingness to pay) rather than organizational/system-level adoption of EHR/HIE/health-IT infrastructure; absence of abstract prevents confirmation of study level and scope.",EXCLUDE,"Appears consumer tech comfort/willingness-to-pay study, not organizational EHR/HIE adoption.",,
R0493,C_fulltext_excl,DISCORDANT — adjudicate,PubMed,Critical Success Factors for a Successful EHR Implementation for Physicians Practices.,2015,,PASS,EXCLUDE (full-text),Title indicates empirical study of EHR implementation determinants (critical success factors) at the organizational level (physician practices); no abstract but title clearly signals organizational EHR adoption as the core topic.,EXCLUDE,No abstract; title alone insufficient to confirm organizational-level empirical/review study.,,
R0495,C_fulltext_excl,DISCORDANT — adjudicate,PubMed,Effects of HIE/HIT Implementation and Coordination of Care on Health Outcomes and Quality.,2015,,PASS,EXCLUDE (full-text),"Title indicates HIT/HIE implementation study, but absent abstract prevents confirmation that focus is organizational/system-level adoption determinants rather than clinical outcomes or system performance as primary outcome.",EXCLUDE,"Focuses on health outcomes/care quality effects, not adoption/implementation determinants.",,
R0512,C_fulltext_excl,DISCORDANT — adjudicate,PubMed,Long-term care needs guidance for the implementation of digital health technologies.,2023,10.1093/ageing/afad223,PASS,EXCLUDE (full-text),"Title suggests digital health implementation guidance in long-term care (organizational setting), but absence of abstract prevents confirmation of empirical study, review, or framework analysis vs. opinion/commentary; cannot verify adoption/determinants focus or sufficient methodology.",EXCLUDE,"Long-term care digital health technologies broadly, not specifically EHR/HIE interoperability.",,
R0635,C_fulltext_excl,DISCORDANT — adjudicate,PubMed,Adolescents Are Still Waiting on a Digital Health Revolution: Accelerating Research-to-Practice Translation Through Design for Implementation.,2022,10.1001/jamapediatrics.2022.0500,PASS,EXCLUDE (full-text),"Title suggests digital health implementation focus, but absence of abstract prevents definitive scope confirmation; likely out of scope (adolescent-facing digital health tool rather than organizational EHR/HIE adoption) but cannot exclude with certainty.",EXCLUDE,"Adolescent digital health translation focus, not EHR/HIE organizational-level adoption.",,
R0722,C_fulltext_excl,DISCORDANT — adjudicate,PubMed,Changes in Medication Errors after Implementation of an Electronic Health Record System in a Canadian Community Hospital.,2026,10.4212/cjhp.3798,PASS,EXCLUDE (full-text),"Empirical study of EHR system implementation at organizational level (community hospital), examining adoption outcomes (medication error reduction) and organizational safety initiatives post-implementation.",EXCLUDE,"Studies clinical outcome (medication errors) post-EHR, not adoption/implementation determinants.",,
R0764,C_fulltext_excl,DISCORDANT — adjudicate,PubMed,Successful Implementation of a Perioperative Data Warehouse Using Another Hospital's Published Specification From Epic's Electronic Health Record System.,2021,10.1213/ANE.0000000000004806,PASS,EXCLUDE (full-text),"Empirical study of EHR/health-IT system implementation and adoption at organizational level (University of Miami adopting a perioperative data warehouse specification from Epic EHR); examines determinants of successful implementation (technical adaptation, local configuration, workflow integration) ",EXCLUDE,"Data warehouse extraction for single institution's technical process, not organizational adoption determinants.",,
R0819,C_fulltext_excl,DISCORDANT — adjudicate,PubMed,Rapid-Cycle Implementation of a Multi-Organization Registry for Heart Failure with Preserved Ejection Fraction Using Health Information Exchange Standards.,2019,10.3233/SHTI190534,PASS,EXCLUDE (full-text),"Empirical study of multi-organization EHR/HIE system implementation using standard interoperability protocols (SNOMED CT, LOINC, HIE) for registry construction—directly addresses organizational-level adoption and operationalization of health-IT infrastructure for data exchange.",EXCLUDE,"Single-disease (HFpEF) registry; EHR used as data source, not interoperability adoption study.",,
R0822,C_fulltext_excl,DISCORDANT — adjudicate,PubMed,Creation and implementation of an electronic health record note for quality improvement in pediatric epilepsy: Practical considerations and lessons learned.,2021,10.1002/epi4.12480,PASS,EXCLUDE (full-text),"Empirical study of EHR implementation (standardized electronic note) for quality improvement at a single healthcare organization (Alberta Children's Hospital); focuses on adoption, usability, and organizational integration of a health-IT system within routine clinical care.",EXCLUDE,"Single-disease (epilepsy) EHR note for QI, not interoperability adoption/implementation study.",,
R0832,C_fulltext_excl,DISCORDANT — adjudicate,PubMed,Implementation of Clinical Pharmacogenomics within a Large Health System: From Electronic Health Record Decision Support to Consultation Services.,2016,10.1002/phar.1786,PASS,EXCLUDE (full-text),"Empirical study of organizational-level implementation of pharmacogenomic decision support and clinical services integrated into a large health system's EHR; describes adoption barriers, development processes, and deployment of interoperable health-IT infrastructure for gene-drug interaction informa",EXCLUDE,"Single-domain pharmacogenomic decision support tool, not EHR/HIE interoperability adoption.",,
R0948,C_fulltext_excl,DISCORDANT — adjudicate,PubMed,Using digital health to facilitate compliance with standardized pediatric cancer treatment guidelines in Tanzania: protocol for an early-stage effectiveness-implementation hybrid study.,2020,10.1186/s12885-020-6611-3,PASS,EXCLUDE (full-text),Empirical implementation study of a digital health system (mNavigator/EHR-like case management platform) designed to improve adoption and compliance with standardized treatment protocols at an organizational level (hospital facility in Tanzania); evaluates implementation barriers/facilitators using ,EXCLUDE,"Single-disease (pediatric cancer) digital case-management tool, not EHR/HIE interoperability.",,
R0967,C_fulltext_excl,DISCORDANT — adjudicate,PubMed,Chapter 5: Barriers and facilitators for eHealth.,2015,10.12968/jowc.2015.24.Sup5.S25,PASS,EXCLUDE (full-text),"Title indicates eHealth barriers/facilitators (on-scope topic), but absence of abstract and chapter designation create uncertainty about methodology, population level (patient vs. organizational), and empirical vs. narrative nature. Full text needed to confirm organizational/system-level adoption fo",EXCLUDE,Title too generic; no evidence of EHR/HIE organizational-level focus or empirical content.,,
R1035,C_fulltext_excl,DISCORDANT — adjudicate,PubMed,Barriers and Benefits of EHR Usage in Missouri: A Five-Year Journey.,2017,,PASS,EXCLUDE (full-text),Title clearly indicates organizational/national EHR adoption study examining barriers and benefits over a multi-year period; no abstract available but scope is unambiguous.,EXCLUDE,"No abstract; title suggests general EHR usage study, unclear organizational determinants focus.",,
R1347,C_fulltext_excl,DISCORDANT — adjudicate,PubMed,Barriers and facilitators to effective electronic health record-based sepsis screening in the pediatric intensive care unit.,2024,10.1093/jamiaopen/ooae048,PASS,EXCLUDE (full-text),"Empirical study of barriers and facilitators to adoption/implementation of an EMR-based sepsis screening tool at the organizational level (pediatric ICU), examining end-user experience and system effectiveness factors.",EXCLUDE,"Single-disease (sepsis) clinical tool implementation, not general EHR/HIE interoperability.",,
R1413,C_fulltext_excl,DISCORDANT — adjudicate,PubMed,Implementation and Impact of Psychiatric Electronic Medical Records in a Public Medical Center.,2016,,PASS,EXCLUDE (full-text),"Empirical comparative study of EMR implementation at organizational level (psychiatric outpatient clinic) examining adoption outcomes (documentation quality, barriers, benefits).",EXCLUDE,"Single institution EMR implementation impact study, not interoperability determinants focus.",,
R1436,C_fulltext_excl,DISCORDANT — adjudicate,PubMed,"The Role of a Nurse Practitioner in a ""Big Bang"" Electronic Medical Record Implementation.",2021,10.1097/CIN.0000000000000729,PASS,EXCLUDE (full-text),"Organizational-level EHR implementation study; title clearly indicates empirical analysis of nurse practitioner role in a 'Big Bang' EMR adoption at an organization. No abstract, but title scope is unambiguous and within PRISMA criteria.",EXCLUDE,"Individual role narrative, not organizational determinants/barriers of EMR adoption.",,
R1439,C_fulltext_excl,DISCORDANT — adjudicate,PubMed,Implementation of Best Practice Alert in an Electronic Medical Record to Limit Lower-Value Inpatient Echocardiograms.,2018,10.1016/j.amjcard.2018.07.017,PASS,EXCLUDE (full-text),Empirical study of EHR best practice alert implementation to reduce unnecessary imaging orders—directly addresses organizational-level adoption/optimization of EHR functionality for clinical decision support.,EXCLUDE,"Single clinical decision-support alert reducing imaging use, not EHR/HIE adoption/implementation study.",,
R1449,C_fulltext_excl,DISCORDANT — adjudicate,PubMed,"Navigating medication safety with electronic medical records: insights from a dual-phase implementation in paediatric, neonatal and maternity care.",2025,10.1071/AH24344,PASS,EXCLUDE (full-text),"Empirical study of EMR implementation and adoption at organizational level (hospital division), evaluating determinants (workflow disruption, safety event outcomes) of a phased EMR roll-out in a healthcare system.",EXCLUDE,"EMR implementation studied as cause of medication safety outcomes, not adoption determinants.",,
R1550,C_fulltext_excl,DISCORDANT — adjudicate,PubMed,Implementation of a cloud-based electronic medical record exchange system in compliance with the integrating healthcare enterprise's cross-enterprise document sharing integration profile.,2017,10.1016/j.ijmedinf.2017.09.001,PASS,EXCLUDE (full-text),"Empirical study of organizational/national-level EHR exchange system implementation and adoption, comparing technical approaches for interoperability infrastructure (Taiwan's EEC), with explicit focus on system feasibility and effectiveness at the healthcare-system level.",EXCLUDE,"Technical system implementation/performance study, not organizational adoption determinants.",,
R1678,C_fulltext_excl,DISCORDANT — adjudicate,IEEE,Developing Fast Healthcare Interoperability Resources Implementation Guide for Indonesian Health Services,2025,10.1109/ICIMTech67074.2025.11265535,PASS,EXCLUDE (full-text),"Empirical study (Action Design Research) developing and implementing a FHIR Implementation Guide for health data interoperability within Indonesia's national SATUSEHAT platform, addressing organizational/national-level health IT infrastructure adoption and implementation.",EXCLUDE,"Technical FHIR IG development for one ANC service, not organizational adoption/implementation determinants study.",,
R0463,D_stage2_excl,DISCORDANT — adjudicate,PubMed,Towards the Implementation of an openEHR-based Open Source EHR Platform (a vision paper).,2015,,EXCLUDE,"EXCLUDE (Stage 2, X5)","Vision paper / architectural proposal without empirical evaluation of adoption, implementation barriers, facilitators, or determinants at organizational or national level.",PASS,"Framework/vision paper on openEHR-based interoperable EHR platform implementation, organizational level.",,
R0469,E_stage1_excl,DISCORDANT — adjudicate,PubMed,Progress and challenges in electronic health record adoption: findings from a national survey of physicians.,2015,10.7326/L15-5060,EXCLUDE,"EXCLUDE (Stage 1, E4)",Letter format lacks sufficient methodological detail for systematic review inclusion,PASS,"National survey on EHR adoption among physicians, organizational/national-level determinants, 2015.",,
R1573,E_stage1_excl,concordance spot-check,PubMed,Moving electronic medical records upstream: incorporating social determinants of health.,2015,10.1016/j.amepre.2014.07.009,EXCLUDE,"EXCLUDE (Stage 1, E2)","Uses EHR to study social determinants screening/intervention delivery, not adoption/implementation/barriers of the EHR system itself.",EXCLUDE,"Focuses on EMR content/functionality for SDOH, not interoperability adoption determinants.",,
R1450,A_incl_fulltext,concordance spot-check,PubMed,"Benefits, facilitators, and barriers of electronic medical records implementation in outpatient settings: A scoping review.",2024,10.1177/08404704231224070,PASS,INCLUDE (full text assessed),"Scoping review of EMR implementation (benefits, barriers, facilitators) in outpatient organizational settings—directly addresses determinants of health-IT system adoption at the organizational level.",PASS,Scoping review on EMR implementation barriers/facilitators in outpatient organizational settings.,,
R0100,E_stage1_excl,concordance spot-check,PubMed,Implementation of digital health interventions in thyroid cancer care: A scoping review.,2026,10.1016/j.ijmedinf.2025.106221,EXCLUDE,"EXCLUDE (Stage 1, E2)","Scoping review of digital health interventions in thyroid cancer care focuses on intervention characteristics, effectiveness, and clinical outcomes (QoL, psychological well-being, adherence) rather than eHealth system adoption, implementation barriers/facilitators at organizational or system level, ",EXCLUDE,"Single-condition digital health interventions for thyroid cancer, not EHR/HIE interoperability.",,
R1356,D_stage2_excl,concordance spot-check,PubMed,Identification of social determinants of health using multi-label classification of electronic health record clinical notes.,2021,10.1093/jamiaopen/ooaa069,EXCLUDE,"EXCLUDE (Stage 2, X3)","Uses EHR clinical notes as a data source to develop and validate a machine-learning algorithm for extracting social determinants of health, rather than studying adoption, implementation, or organizational/system-level barriers and facilitators of an EHR or health-IT system itself.",EXCLUDE,"NLP classification task using EHR notes as data source, not adoption/implementation study.",,
R0443,D_stage2_excl,concordance spot-check,PubMed,Integration of eHealth Tools in the Process of Workplace Health Promotion: Proposal for Design and Implementation.,2018,10.2196/jmir.8769,EXCLUDE,"EXCLUDE (Stage 2, X4)","Workplace health promotion (WHP) is an occupational/employee wellness context, not a healthcare organizational or system-level adoption study of EHR/EMR/HIE/health-IT infrastructure; the eHealth tools described are behavioral-support and wellness platforms, not clinical interoperability systems.",EXCLUDE,"Workplace health promotion eHealth tools, not EHR/HIE interoperability adoption.",,
R1659,E_stage1_excl,concordance spot-check,IEEE,Evaluating Academic Performance in Health Informatics Post-EHR Implementation,2024,10.1109/ICHI61247.2024.00118,EXCLUDE,"EXCLUDE (Stage 1, E2)","Studies EHR system use in educational context to measure student academic performance and learning outcomes, not organizational/clinical adoption, implementation barriers, or system acceptance in healthcare practice settings.",EXCLUDE,"About educational curriculum impact, not organizational adoption/implementation determinants.",,
R0887,D_stage2_excl,concordance spot-check,PubMed,Implementation of an Electronic Health Record Integrated Clinical Pathway Improves Adherence to COVID-19 Hospital Care Guidelines.,2022,10.1097/JMQ.0000000000000036,EXCLUDE,"EXCLUDE (Stage 2, X3)","Studies EHR system as a delivery channel to improve clinical adherence and treatment outcomes for COVID-19 patients, rather than studying adoption/implementation/barriers/facilitators of the EHR/health-IT system itself at organizational or system level.",EXCLUDE,"EHR used as clinical decision tool for single-disease guideline adherence, not interoperability adoption.",,
R1307,B_incl_abstract,concordance spot-check,PubMed,Regional differences in electronic medical record adoption in Japan: A nationwide longitudinal ecological study.,2018,10.1016/j.ijmedinf.2018.05.002,PASS,INCLUDE (abstract assessed),"Nationwide ecological study of EMR adoption determinants at regional/organizational level (secondary medical service areas) in Japan, analyzing barriers and facilitators (income, doctor density, population density) to system adoption across healthcare settings.",PASS,"National-level empirical study of EMR adoption determinants across regions, 2018.",,
R0648,D_stage2_excl,concordance spot-check,PubMed,"Response to ""Electronic Health Record Implementation Enhances Financial Performance in High Medicaid Nursing Homes"" [Letter].",2024,10.2147/JMDH.S487196,EXCLUDE,"EXCLUDE (Stage 2, X5)",Letter/response publication type with no abstract; insufficient methodology documentation for eligibility determination.,EXCLUDE,"Letter/response format, no abstract on adoption determinants; not empirical study.",,
R1105,D_stage2_excl,concordance spot-check,PubMed,"Clinic-wide depression screening in the waiting room using electronic health record integrated patient health questionnaire surveys: Implementation science outcomes for reach, inequitable reach and perceptions of barriers.",2025,10.1037/ser0000937,EXCLUDE,"EXCLUDE (Stage 2, X3)","Uses EHR as a delivery channel to study depression screening outcomes and implementation barriers in a single clinic; not studying adoption of the EHR/health-IT system itself, but rather adoption of a specific clinical screening workflow (PHQ administration) embedded within an existing EHR.",EXCLUDE,"Single-condition (depression) screening tool implementation, clinic-level, not general EHR/HIE interoperability determin",,
R1300,C_fulltext_excl,concordance spot-check,PubMed,Barriers to Local Public Health Chronic Disease Surveillance Through Health Information Exchange: A Capacity Assessment of Health Departments in the Health Information Network of South Texas.,2017,10.1097/PHH.0000000000000465,PASS,EXCLUDE (full-text),Empirical study of organizational-level barriers and facilitators to HIE adoption for public health surveillance; health department capacity assessment identifying determinants of system implementation.,PASS,"Assesses organizational barriers/capacity for HIE use in public health, empirical study.",,
R0018,D_stage2_excl,concordance spot-check,PubMed,Implementation of digital health technologies for older adults: a scoping review.,2024,10.3389/fragi.2024.1349520,EXCLUDE,"EXCLUDE (Stage 2, X2)","Scoping review of digital health technologies (smartphones, tablets, wearables, AAL systems) for older adults' health outcomes and daily functioning; focuses on technology effectiveness and research quality rather than organizational/system-level adoption of interoperable EHR/EMR/HIE infrastructure.",EXCLUDE,"Digital health tech (AAL, wearables) for older adults, not EHR/HIE interoperability.",,
R0592,B_incl_abstract,concordance spot-check,PubMed,Hospital adoption of electronic health record functions to support age-friendly care: results from a national survey.,2020,10.1093/jamia/ocaa129,PASS,INCLUDE (abstract assessed),Empirical national survey measuring organizational-level adoption of specific EHR functions across US hospitals; directly studies determinants (barriers/gaps) of EHR capability implementation at the healthcare system level.,PASS,"National survey of hospital EHR function adoption, organizational level, empirical.",,
R1372,D_stage2_excl,concordance spot-check,PubMed,EHealth and Its Role in Supporting Audiological Rehabilitation: Patient Perspectives on Barriers and Facilitators of Using a Personal Hearing Support System With Mobile Application as Part of the EVOTION Study.,2021,10.3389/fpubh.2021.669727,EXCLUDE,"EXCLUDE (Stage 2, X1)","Study of individual patients' acceptance, attitudes, and usability perceptions of a hearing aid mobile app; no organizational or system-level adoption lens.",EXCLUDE,"Patient-only acceptance of hearing aid app, single-condition tool, not EHR/HIE interoperability.",,
R0175,D_stage2_excl,concordance spot-check,PubMed,Placing equity at the heart of eHealth implementation: a qualitative pilot study.,2022,10.1186/s12939-022-01640-5,EXCLUDE,"EXCLUDE (Stage 2, X1)","Study focuses on patient/consumer equity concerns in eHealth uptake (safety, voice, representation, access barriers for vulnerable clients) rather than organizational or system-level adoption determinants; interviews with health professionals about client experiences, not about institutional/organiz",EXCLUDE,"Broad eHealth/telehealth equity study, not EHR/EMR/HIE interoperability specific.",,
R1214,E_stage1_excl,concordance spot-check,PubMed,"Hypothesis: Is ""Terminator Syndrome"" a Barrier to Democratizing Artificial Intelligence and Public Engagement in Digital Health?",2019,10.1089/omi.2019.0070,EXCLUDE,"EXCLUDE (Stage 1, E4)",Letter without abstract; insufficient methodology/publication type for systematic review inclusion.,EXCLUDE,"Opinion/hypothesis piece on AI public perception, not eHealth interoperability adoption.",,
R0576,B_incl_abstract,concordance spot-check,PubMed,Recommendations for Enhancing the Implementation and Utility of Shared Digital Health Records in Rural Australian Communities.,2018,,PASS,INCLUDE (abstract assessed),"Empirical study of adoption and implementation barriers/facilitators for My Health Record (national shared digital health record system) in rural Australian communities, with recommendations for national rollout—directly addresses organizational/national-level eHealth system adoption determinants.",PASS,Examines national shared EHR (My Health Record) implementation/adoption barriers in rural communities.,,
R0993,D_stage2_excl,concordance spot-check,PubMed,Implementation of an interruptive electronic health record alert improves optimal antibiotic prescribing in ambulatory patients with acute bacterial sinusitis: a quasi-experiment.,2026,10.1017/ash.2025.10283,EXCLUDE,"EXCLUDE (Stage 2, X3)","Uses EHR alert as a delivery mechanism to study clinical prescribing outcome (antibiotic appropriateness for sinusitis), not organizational adoption of the EHR/health-IT system itself.",EXCLUDE,"Single-condition clinical decision-support alert study, not interoperability adoption/implementation determinants.",,
R0365,C_fulltext_excl,concordance spot-check,PubMed,"The Relationship Between Magnet Designation, Electronic Health Record Adoption, and Medicare Meaningful Use Payments.",2017,10.1097/CIN.0000000000000336,PASS,EXCLUDE (full-text),Empirical study examining organizational-level EHR adoption determinants (Magnet status as a facilitator) across US hospitals using validated adoption metrics and Medicare Meaningful Use outcomes.,PASS,"Organizational-level EHR adoption determinants (Magnet status) across US hospitals, empirical study.",,
R1607,B_incl_abstract,concordance spot-check,IEEE,Towards Federated Health Information Exchange Architecture in Indonesia: Design and Implementation,2025,10.1109/ICIMTech67074.2025.11264924,PASS,INCLUDE (abstract assessed),"Empirical Design Science Research case study of federated HIE architecture adoption and implementation at organizational (regional) and national levels in Indonesia; directly addresses determinants (architectural, governance, interoperability strategies) of health information exchange system impleme",PASS,"HIE architecture design/implementation, national-level, Indonesia case study, 2025.",,
R0501,D_stage2_excl,concordance spot-check,PubMed,Unraveling the Factors Associated With Digital Health Intervention Uptake: Cross-Sectional Study.,2025,10.2196/63896,EXCLUDE,"EXCLUDE (Stage 2, X1)","Study examines individual-level uptake of a consumer-facing digital health app (BitHabit) for lifestyle support, focusing on patient/user acceptance and sociodemographic predictors, with no organizational or system-level adoption lens (no EHR/EMR/HIE/health-IT infrastructure implementation).",EXCLUDE,"Individual consumer uptake of lifestyle app, not EHR/HIE organizational-level adoption.",,
R0284,E_stage1_excl,concordance spot-check,PubMed,EHR-Based CDS Tools Supporting Long-Term Implementation of Pharmacogenomics.,2025,10.3233/SHTI251118,EXCLUDE,"EXCLUDE (Stage 1, E2)","Studies EHR-based CDS tool performance and clinical outcomes (drug-gene interactions, prescribing interventions) rather than adoption, implementation barriers, facilitators, or determinants of PGx-CDS uptake by users or organization.",EXCLUDE,"Single clinical-domain PGx-CDS tool, not general EHR/HIE interoperability adoption study.",,
R1140,E_stage1_excl,concordance spot-check,PubMed,Implementation of an Enhanced Recovery Pathway for Minimally Invasive Pectus Surgery: A Population-Based Cohort Study Evaluating Short- and Long-Term Outcomes Using eHealth Technology.,2018,10.2196/10996,EXCLUDE,"EXCLUDE (Stage 1, E2)","Studies clinical outcomes (postoperative pain, nausea, rehabilitation) of pectus surgery using eHealth tools for monitoring, not adoption/implementation/barriers of the eHealth system itself.",EXCLUDE,"Single-condition surgical recovery pathway, not EHR/HIE interoperability adoption study.",,
R0968,D_stage2_excl,concordance spot-check,PubMed,"Digital health adoption in nutrition care: A national cross-sectional, Arabic-validated survey and cluster analysis of patient experience and willingness to use telenutrition in Saudi Arabia.",2026,10.1177/20552076261419237,EXCLUDE,"EXCLUDE (Stage 2, X1)","Study assesses individual patients'/consumers' acceptance, comfort, and willingness to use a direct-to-consumer telenutrition service; no organizational or system-level adoption lens for EHR/EMR/HIE/health-IT infrastructure.",EXCLUDE,"Patient/consumer-only acceptance of telenutrition, not EHR/HIE organizational-level adoption.",,
R0245,B_incl_abstract,concordance spot-check,PubMed,Exploring Health Information Exchange Implementation Using Qualitative Assessments of Nursing Home Leaders.,2016,,PASS,INCLUDE (abstract assessed),"Empirical qualitative study of HIE implementation and adoption barriers/facilitators at organizational level (nursing homes), examining determinants of system use and operational integration.",PASS,Qualitative study of HIE implementation determinants in nursing home organizations.,,
R0546,D_stage2_excl,concordance spot-check,PubMed,Analysis of the effects of EHR implementation on timeliness of care in a dermatology clinic: a simulation study.,2018,10.1093/jamia/ocy024,EXCLUDE,"EXCLUDE (Stage 2, X3)","Uses EHR implementation as context to study clinical operational outcomes (wait times, length of stay) via simulation, rather than studying determinants or barriers/facilitators of EHR adoption itself at organizational or system level.",EXCLUDE,"Studies clinic workflow timing impact, not adoption/implementation determinants.",,
R0801,E_stage1_excl,concordance spot-check,PubMed,Implementation of a Clinical Trial Recruitment Support System Based on Fast Healthcare Interoperability Resources (FHIR) in a Cardiology Department.,2022,10.3233/SHTI220497,EXCLUDE,"EXCLUDE (Stage 1, E1)",Clinical trial recruitment support system focused on technical FHIR implementation and patient matching; not studying adoption/implementation/barriers/determinants of eHealth systems by healthcare organizations or users.,EXCLUDE,"Single-department clinical trial recruitment tool, not organizational adoption/implementation determinants study.",,
R0742,A_incl_fulltext,concordance spot-check,PubMed,Adoption of electronic health record systems to enhance the quality of healthcare in low-income countries: a systematic review.,2023,10.1136/bmjhci-2022-100704,PASS,INCLUDE (full text assessed),"Systematic review of EHR adoption status, barriers, and facilitators in low-income countries at the national/health system level—directly addresses organizational and system-level determinants of EHR adoption.",PASS,"Systematic review of EHR adoption determinants/barriers in low-income countries, organizational/national level.",,
R1427,E_stage1_excl,concordance spot-check,PubMed,Development and implementation of an electronic medical record module to track genetic testing results.,2021,10.1038/s41436-020-01057-x,EXCLUDE,"EXCLUDE (Stage 1, E2)","Uses EMR to improve genetic testing result tracking and clinical workflow, but does not study adoption, implementation barriers, acceptance, or determinants of eHealth system adoption itself.",EXCLUDE,"Single-institution EMR module for genetic test tracking, not interoperability/adoption study.",,
R1132,E_stage1_excl,concordance spot-check,PubMed,Education and electronic health record implementation-better together? An assessment of compliance of oral vancomycin dosing for Clostridioides difficile infection and the impact of different antimicrobial stewardship interventions.,2026,10.1017/ash.2025.10272,EXCLUDE,"EXCLUDE (Stage 1, E2)","Studies clinical intervention (antimicrobial stewardship) and dosing compliance using EHR data; does not examine EHR/HIT adoption, implementation barriers, or determinants of system uptake.",EXCLUDE,"Single-disease antimicrobial stewardship intervention, not org-level EHR adoption/implementation study.",,
R0855,C_fulltext_excl,concordance spot-check,PubMed,Implementation challenges of the final rule of Title 42 of the Code of Federal Regulations part 2: can privacy endure in an era of electronic health information exchange?,2018,10.1111/ajad.12667,PASS,EXCLUDE (full-text),"Title indicates organizational/national health-IT adoption (42 CFR Part 2 privacy rule + EHI exchange implementation), but absence of abstract creates uncertainty about empirical design vs. policy commentary.",PASS,"Discusses HIE implementation/privacy challenges at policy/regulatory level, empirical/framework topic.",,
R1381,E_stage1_excl,concordance spot-check,PubMed,Effective implementation of electronic medical records and health information technologies.,2015,,EXCLUDE,"EXCLUDE (Stage 1, E2)","Uses EHR/health IT data to study clinical outcome (mortality) without examining adoption, implementation, barriers, or determinants of the technology itself.",EXCLUDE,"Studies IT capabilities' effect on clinical mortality, not adoption/implementation determinants.",,
R0687,D_stage2_excl,concordance spot-check,PubMed,Clinical Genomic Sequencing Reports in Electronic Health Record Systems Based on International Standards: Implementation Study.,2020,10.2196/15040,EXCLUDE,"EXCLUDE (Stage 2, X3)","Uses EHR system as implementation platform for genomic data standards; primary focus is technical interoperability of sequencing reports and FHIR resources, not organizational/system-level adoption of the EHR itself.",EXCLUDE,"Single institution technical implementation of genomic reporting standard, not interoperability adoption determinants.",,
R1181,A_incl_fulltext,concordance spot-check,PubMed,Successes and Barriers of Health Information Exchange Participation Across Hospitals in South Carolina From 2014 to 2020: Longitudinal Observational Study.,2023,10.2196/40959,PASS,INCLUDE (full text assessed),Empirical longitudinal study of HIE adoption determinants (barriers and facilitators) across hospitals at organizational and state system level.,PASS,Organizational-level longitudinal study of HIE participation determinants and barriers across hospitals.,,
R1415,A_incl_fulltext,concordance spot-check,PubMed,Electronic medical record implementation for a healthcare system caring for homeless people.,2019,10.1093/jamiaopen/ooy046,PASS,INCLUDE (full text assessed),"Empirical study of EMR implementation and adoption at an organizational level (Boston Health Care for the Homeless Program), addressing determinants of success (workflow analysis, change management, training strategies, configuration) specific to the healthcare organization's context.",PASS,"Organizational EMR implementation case study; addresses workflow, training, adoption determinants at healthcare system l",,
R0438,B_incl_abstract,concordance spot-check,PubMed,Challenges in user-driven optimization of EHR: A case study of a large Epic implementation in Denmark.,2021,10.1016/j.ijmedinf.2021.104394,PASS,INCLUDE (abstract assessed),"Empirical case study of organizational-level EHR adoption/optimization challenges in large hospital systems; directly addresses determinants (standardization vs. adaptation, centralized vs. local control) of EHR implementation success.",PASS,"Organizational-level EHR post-implementation optimization case study, empirical, hospital system, 2021.",,
R0552,C_fulltext_excl,rater-2 no-decision,PubMed,Improved Patient Flow and Provider Efficiency After the Implementation of an Electronic Health Record.,2019,10.1097/01.NCN.0000585332.14479.9e,PASS,EXCLUDE (full-text),"Title clearly indicates organizational-level EHR implementation study examining adoption outcomes (patient flow, provider efficiency); no abstract available but title scope matches target intervention and level.",PARSE_FAIL,,,
R0859,E_stage1_excl,rater-2 no-decision,PubMed,Correction: Implementing an electronic health record dashboard for safe anticoagulant management: learning from qualitative interviews with existing and potential users to develop an implementation process.,2023,10.1186/s43058-023-00412-8,EXCLUDE,"EXCLUDE (Stage 1, E4)",Published erratum with no abstract; insufficient standalone methodological content to assess eligibility.,PARSE_FAIL,,,
