key,citation_short,type,repo_role,doi_or_url,access_status,full_text_status,official_download_or_access,notes
page2021prisma,Page et al. 2021,article,PRISMA reporting standard,10.1136/bmj.n71,Open access,Available,https://www.bmj.com/content/372/bmj.n71,Use as reporting guideline; BMJ page has article/PDF options.
prisma2020flow,PRISMA Statement 2020,web tool,PRISMA flow diagram,https://www.prisma-statement.org/prisma-2020-flow-diagram,Open web,Available,https://www.prisma-statement.org/prisma-2020-flow-diagram,Use for flow diagram template only.
eden2016barriers,Eden et al. 2016,article,HIE barriers/facilitators systematic review,10.1016/j.ijmedinf.2016.01.004,Author manuscript OA via PMC,Available,https://pmc.ncbi.nlm.nih.gov/articles/PMC4778080/,High relevance for HIE barriers; retain.
kruse2016adoption,Kruse et al. 2016,article,EHR adoption systematic review,10.2196/medinform.5525,Open access via JMIR/PMC,Available,https://pmc.ncbi.nlm.nih.gov/articles/PMC4909978/,High relevance for U/O domains; retain.
fennelly2020national,Fennelly et al. 2020,article,national EHR umbrella review,10.1016/j.ijmedinf.2020.104281,Open access,Available,https://www.sciencedirect.com/science/article/pii/S1386505620310650,Strong anchor for national EHR implementation; retain.
aguirre2019ehr,Aguirre et al. 2019,article,EHR implementation tools/resources,10.7759/cureus.5649,Open access,Available,https://www.cureus.com/articles/21899-electronic-health-record-implementation-a-,Verify exact article URL/PDF before final archive.
torab2023interoperability,Torab-Miandoab et al. 2023,article,technical interoperability systematic review,10.1186/s12911-023-02115-5,Open access,Available,https://link.springer.com/article/10.1186/s12911-023-02115-5,Technical interoperability anchor; retain.
adams2020strategies,Adams 2020,dissertation,qualitative strategy foundation,https://scholarworks.waldenu.edu/dissertations/9020/,Open access,Available,https://scholarworks.waldenu.edu/dissertations/9020/,Already uploaded in project context; retain as conceptual/prior study.
holmgren2023policyhie,Holmgren et al. 2023,article,HIE policy landscape,10.1055/s-0043-1768719,Open access via PMC,Available,https://pmc.ncbi.nlm.nih.gov/articles/PMC10751121/,Strong policy/institutional source; add DOI to BibTeX.
bossen2013evaluation,Bossen et al. 2013,article,D&M EHR evaluation,10.1016/j.ijmedinf.2013.05.010,Publisher access/uncertain OA,Needs library or author copy,https://www.sciencedirect.com/science/article/pii/S1386505613001287,Useful but dated; secondary theoretical support.
delone2003model,DeLone & McLean 2003,article,IS success theory,10.1080/07421222.2003.11045748,Publisher access; author copy exists on ResearchGate,Needs library/author copy,https://www.tandfonline.com/doi/abs/10.1080/07421222.2003.11045748,Use as foundational theory; do not over-weight as health IT evidence.
tornatzky1990processes,Tornatzky & Fleischer 1990,book,TOE theory background,N/A,Book; not freely downloadable,Not available,N/A,Background theory only; likely exclude from systematic evidence table.
onc2025reports,ONC Reports to Congress,government web,ONC/HIE institutional case,https://www.healthit.gov/reports-congress/,Open web,Available,https://www.healthit.gov/reports-congress/,Update year: BibTeX says 2023 but key says 2025; verify latest report.
nhs2025sharedcare,NHS Shared Care Records 2025,government guidance,NHS case,https://www.england.nhs.uk/long-read/shared-care-records/,Open web/print PDF,Available,https://www.england.nhs.uk/long-read/shared-care-records/,Page updated 26 Mar 2025; cite version.
estonia2026ehealth,e-Estonia e-Health Records,government/agency web,Estonia case,https://e-estonia.com/solutions/e-health-2/e-health-records/,Open web,Available,https://e-estonia.com/solutions/e-health-2/e-health-records/,Use cautiously; official promotional source.
europeancommission2016estoniaehr,European Commission Estonia EHR law 2016,government report,Estonia legal framework,https://health.ec.europa.eu/system/files/2016-11/laws_estonia_en_0.pdf,Open PDF,Available,https://health.ec.europa.eu/system/files/2016-11/laws_estonia_en_0.pdf,Good legal/institutional source.
gao2025vaehr,GAO-25-108091,government audit,VA EHR case,https://www.gao.gov/products/gao-25-108091,Open web/PDF,Available,https://www.gao.gov/products/gao-25-108091,Strong current audit evidence; retain.
gao2024dodehr,GAO-24-106187,government audit,DoD EHR case,https://www.gao.gov/products/gao-24-106187,Open web/PDF,Available,https://www.gao.gov/products/gao-24-106187,Strong current audit evidence; retain.
hhs2012deidentification,HHS OCR De-identification Guidance,regulatory guidance,HIPAA/privacy background,https://www.hhs.gov/hipaa/for-professionals/privacy/special-topics/de-identification/index.html,Open web/PDF,Available,https://www.hhs.gov/hipaa/for-professionals/privacy/special-topics/de-identification/index.html,Use for privacy governance; not adoption evidence.
ecfr164514,45 CFR 164.514,regulation,HIPAA privacy rule citation,https://www.ecfr.gov/current/title-45/subtitle-A/subchapter-C/part-164/subpart-E/section-164.514,Open web,Available,https://www.ecfr.gov/current/title-45/subtitle-A/subchapter-C/part-164/subpart-E/section-164.514,Use for legal definition only.
nist80037r2,NIST SP 800-37 Rev. 2,technical report,security governance/RMF,10.6028/NIST.SP.800-37r2,Open PDF,Available,https://doi.org/10.6028/NIST.SP.800-37r2,Governance background; not adoption evidence.
nist80053r5,NIST SP 800-53 Rev. 5,technical report,security/privacy controls,10.6028/NIST.SP.800-53r5,Open PDF,Available,https://doi.org/10.6028/NIST.SP.800-53r5,Compliance/security-by-design background.
